ERR4077394_1.fastq.res,ERR6158733_1.fastq.res,ERR6158924_1.fastq.res,ERR6175671_1.fastq.res,ERR6175739_1.fastq.res,SRR16117675_1.fastq.res,Superkingdom,Kingdom,Phylum,Class,Order,Family,Genus,Species
0.0,0.0,0.0,0.0,0.0,57.49,Archaea,unk_k,Candidatus Bathyarchaeota,unk_c,unk_o,unk_f,unk_g,
0.0,0.0,0.0,0.0,0.0,186.33,Archaea,unk_k,Candidatus Bathyarchaeota,unk_c,unk_o,unk_f,unk_g,uncultured miscellaneous Crenarchaeota group
0.0,0.0,0.0,0.0,0.0,23.74,Archaea,unk_k,Candidatus Thermoplasmatota,Thermoplasmata,Methanomassiliicoccales,unk_f,unk_g,
0.0,0.0,0.0,0.0,0.0,1225.42,Archaea,unk_k,Candidatus Thermoplasmatota,Thermoplasmata,Methanomassiliicoccales,unk_f,unk_g,uncultured Methanomassiliicoccales archaeon
0.0,0.0,0.0,0.0,0.0,6.48,Archaea,unk_k,Candidatus Thermoplasmatota,Thermoplasmata,Thermoplasmatales,unk_f,,
0.0,0.0,0.0,0.0,0.0,105.59,Archaea,unk_k,Candidatus Thermoplasmatota,Thermoplasmata,Thermoplasmatales,unk_f,unk_g,
0.0,0.0,0.0,0.0,0.0,26.06,Archaea,unk_k,Candidatus Thermoplasmatota,Thermoplasmata,Thermoplasmatales,unk_f,unk_g,uncultured Thermoplasmatales archaeon
0.0,0.0,0.0,0.0,0.0,13.29,Archaea,unk_k,Candidatus Thermoplasmatota,Thermoplasmata,unk_o,unk_f,,
0.0,0.0,0.0,0.0,0.0,6.94,Archaea,unk_k,Candidatus Thermoplasmatota,Thermoplasmata,unk_o,unk_f,unk_g,uncultured Thermoplasmata archaeon
0.0,0.0,0.0,0.0,0.0,236.76,Archaea,unk_k,Crenarchaeota,Thermoprotei,Desulfurococcales,unk_f,,
0.0,0.0,0.0,0.0,0.0,7.33,Archaea,unk_k,Crenarchaeota,Thermoprotei,Sulfolobales,unk_f,unk_g,
0.0,0.0,0.0,0.0,0.0,16.49,Archaea,unk_k,Crenarchaeota,Thermoprotei,Thermoproteales,unk_f,,
0.0,0.0,0.0,0.0,0.0,151.29,Archaea,unk_k,Crenarchaeota,Thermoprotei,Thermoproteales,unk_f,unk_g,
0.0,0.0,0.0,0.0,0.0,83.11999999999999,Archaea,unk_k,Crenarchaeota,Thermoprotei,Thermoproteales,unk_f,unk_g,uncultured Thermoproteales archaeon
0.0,0.0,0.0,0.0,0.0,36.26,Archaea,unk_k,Crenarchaeota,Thermoprotei,unk_o,unk_f,,
0.0,0.0,0.0,0.0,0.0,10.6,Archaea,unk_k,Crenarchaeota,Thermoprotei,unk_o,unk_f,unk_g,
0.0,0.0,0.0,0.0,0.0,5.84,Archaea,unk_k,Crenarchaeota,Thermoprotei,unk_o,unk_f,unk_g,uncultured Thermoprotei archaeon
0.0,0.0,0.0,0.0,0.0,1219.18,Archaea,unk_k,Crenarchaeota,unk_c,unk_o,unk_f,,
0.0,0.0,0.0,0.0,0.0,815.12,Archaea,unk_k,Crenarchaeota,unk_c,unk_o,unk_f,unk_g,
0.0,0.0,0.0,0.0,0.0,1236.3799999999999,Archaea,unk_k,Crenarchaeota,unk_c,unk_o,unk_f,unk_g,uncultured crenarchaeote
0.0,0.0,0.0,0.0,0.0,9.17,Archaea,unk_k,Euryarchaeota,Halobacteria,Natrialbales,Natrialbaceae,,
0.0,0.0,0.0,0.0,0.0,13.69,Archaea,unk_k,Euryarchaeota,Methanobacteria,Methanobacteriales,Methanobacteriaceae,Methanobacterium,uncultured Methanobacterium sp.
0.0,0.0,0.0,0.0,0.0,14.7,Archaea,unk_k,Euryarchaeota,Methanobacteria,Methanobacteriales,unk_f,unk_g,
0.0,0.0,0.0,0.0,0.0,23.42,Archaea,unk_k,Euryarchaeota,Methanomicrobia,Methanocellales,unk_f,unk_g,uncultured Methanocellales archaeon
0.0,0.0,0.0,0.0,0.0,22.34,Archaea,unk_k,Euryarchaeota,Methanomicrobia,Methanomicrobiales,Methanoregulaceae,Methanoregula,
0.0,0.0,0.0,0.0,0.0,12.89,Archaea,unk_k,Euryarchaeota,Methanomicrobia,Methanomicrobiales,unk_f,unk_g,
0.0,0.0,0.0,0.0,0.0,67.21,Archaea,unk_k,Euryarchaeota,Methanomicrobia,Methanomicrobiales,unk_f,unk_g,uncultured Methanomicrobiales archaeon
0.0,0.0,0.0,0.0,0.0,8.58,Archaea,unk_k,Euryarchaeota,Methanomicrobia,Methanosarcinales,Methanotrichaceae,Methanothrix,
0.0,0.0,0.0,0.0,0.0,75.24,Archaea,unk_k,Euryarchaeota,Methanomicrobia,Methanosarcinales,Methanotrichaceae,Methanothrix,uncultured Methanosaeta sp.
0.0,0.0,0.0,0.0,0.0,32.84,Archaea,unk_k,Euryarchaeota,Methanomicrobia,Methanosarcinales,Methanotrichaceae,unk_g,
0.0,0.0,0.0,0.0,0.0,30.47,Archaea,unk_k,Euryarchaeota,Methanomicrobia,Methanosarcinales,Methanotrichaceae,unk_g,uncultured Methanosaetaceae archaeon
0.0,0.0,0.0,0.0,0.0,12.77,Archaea,unk_k,Euryarchaeota,Methanomicrobia,Methanosarcinales,unk_f,unk_g,
0.0,0.0,0.0,0.0,0.0,59.04,Archaea,unk_k,Euryarchaeota,unk_c,unk_o,unk_f,,
0.0,0.0,0.0,0.0,0.0,733.19,Archaea,unk_k,Euryarchaeota,unk_c,unk_o,unk_f,unk_g,
0.0,0.0,0.0,0.0,0.0,33.48,Archaea,unk_k,Euryarchaeota,unk_c,unk_o,unk_f,unk_g,euryarchaeote enrichment culture clone 61-28F
0.0,0.0,0.0,0.0,0.0,203.82,Archaea,unk_k,Euryarchaeota,unk_c,unk_o,unk_f,unk_g,uncultured euryarchaeote
0.0,0.0,0.0,0.0,0.0,5.85,Archaea,unk_k,Thaumarchaeota,unk_c,unk_o,unk_f,unk_g,uncultured thaumarchaeote
0.0,0.0,0.0,0.0,0.0,48.62,Archaea,unk_k,unk_p,unk_c,unk_o,,,
0.0,0.0,0.0,0.0,0.0,2685.4900000000002,Archaea,unk_k,unk_p,unk_c,unk_o,unk_f,,
0.0,0.0,0.0,0.0,0.0,25121.75,Archaea,unk_k,unk_p,unk_c,unk_o,unk_f,unk_g,
0.0,0.0,0.0,0.0,0.0,10.8,Archaea,unk_k,unk_p,unk_c,unk_o,unk_f,unk_g,anaerobic methanogenic archaeon E15-8
0.0,0.0,0.0,0.0,0.0,3.44,Archaea,unk_k,unk_p,unk_c,unk_o,unk_f,unk_g,archaeon enrichment culture clone A18_3130
0.0,0.0,0.0,0.0,0.0,31734.36,Archaea,unk_k,unk_p,unk_c,unk_o,unk_f,unk_g,uncultured archaeon
0.0,0.0,0.0,0.0,0.0,6187.41,Archaea,unk_k,unk_p,unk_c,unk_o,unk_f,unk_g,uncultured soil archaeon
0.0,0.0,0.0,0.0,0.0,6.9,Archaea,unk_k,unk_p,unk_c,unk_o,unk_f,unk_g,unidentified archaeon
0.0,0.0,0.0,0.0,0.0,4.77,Bacteria,unk_k,Acidobacteria,unk_c,unk_o,unk_f,unk_g,
0.0,0.0,0.0,0.0,0.0,21.74,Bacteria,unk_k,Acidobacteria,unk_c,unk_o,unk_f,unk_g,uncultured Acidobacteria bacterium
0.0,20.7,0.0,0.0,0.0,0.0,Bacteria,unk_k,Actinobacteria,Actinomycetia,Actinomycetales,Actinomycetaceae,Actinomyces,
0.0,7.48,0.0,0.0,0.0,0.0,Bacteria,unk_k,Actinobacteria,Actinomycetia,Actinomycetales,Actinomycetaceae,Actinomyces,uncultured Actinomyces sp.
0.0,1309.74,0.0,0.0,0.0,0.0,Bacteria,unk_k,Actinobacteria,Actinomycetia,Actinomycetales,Actinomycetaceae,,
0.0,0.0,5.25,0.0,0.0,0.0,Bacteria,unk_k,Actinobacteria,Actinomycetia,Actinomycetales,unk_f,,
0.0,3.11,0.0,0.0,0.0,0.0,Bacteria,unk_k,Actinobacteria,Actinomycetia,Bifidobacteriales,Bifidobacteriaceae,Bifidobacterium,Bifidobacterium pseudolongum
0.0,8.82,0.0,0.0,0.0,0.0,Bacteria,unk_k,Actinobacteria,Actinomycetia,Corynebacteriales,Corynebacteriaceae,Corynebacterium,Corynebacterium lowii
0.0,6.22,0.0,0.0,0.0,0.0,Bacteria,unk_k,Actinobacteria,Actinomycetia,Corynebacteriales,Corynebacteriaceae,Corynebacterium,Corynebacterium sp. YIM 102504
0.0,24.4,0.0,0.0,0.0,0.0,Bacteria,unk_k,Actinobacteria,Actinomycetia,Corynebacteriales,Corynebacteriaceae,Corynebacterium,
0.0,0.0,2.87,0.0,0.0,0.0,Bacteria,unk_k,Actinobacteria,Actinomycetia,Corynebacteriales,Corynebacteriaceae,unk_g,uncultured Corynebacteriaceae bacterium
0.0,27.63,0.0,0.0,0.0,0.0,Bacteria,unk_k,Actinobacteria,Actinomycetia,Corynebacteriales,Dietziaceae,Dietzia,Dietzia sp.
0.0,87.54,0.0,0.0,0.0,0.0,Bacteria,unk_k,Actinobacteria,Actinomycetia,Corynebacteriales,Dietziaceae,Dietzia,Dietzia sp. EF2B-B525
0.0,0.0,7.44,0.0,0.0,0.0,Bacteria,unk_k,Actinobacteria,Actinomycetia,Corynebacteriales,Dietziaceae,Dietzia,Dietzia sp. S1-41B
0.0,0.0,6.58,0.0,0.0,0.0,Bacteria,unk_k,Actinobacteria,Actinomycetia,Corynebacteriales,Dietziaceae,Dietzia,
0.0,11.51,0.0,0.0,0.0,0.0,Bacteria,unk_k,Actinobacteria,Actinomycetia,Corynebacteriales,Dietziaceae,Dietzia,uncultured Dietzia sp.
0.0,0.0,3.76,0.0,0.0,0.0,Bacteria,unk_k,Actinobacteria,Actinomycetia,Corynebacteriales,Mycobacteriaceae,Mycobacterium,Mycobacterium sp. L1755
0.0,0.0,2.89,0.0,0.0,0.0,Bacteria,unk_k,Actinobacteria,Actinomycetia,Corynebacteriales,Mycobacteriaceae,Mycobacterium,Mycobacterium sp. NLA000901128
0.0,0.0,6.76,0.0,0.0,0.0,Bacteria,unk_k,Actinobacteria,Actinomycetia,Corynebacteriales,Mycobacteriaceae,Mycobacterium,
0.0,0.0,3.99,0.0,0.0,0.0,Bacteria,unk_k,Actinobacteria,Actinomycetia,Corynebacteriales,Mycobacteriaceae,Mycolicibacter,
0.0,0.0,2.21,0.0,0.0,0.0,Bacteria,unk_k,Actinobacteria,Actinomycetia,Corynebacteriales,Mycobacteriaceae,unk_g,bacterium Ellin6032
0.0,0.0,83.91,0.0,0.0,0.0,Bacteria,unk_k,Actinobacteria,Actinomycetia,Corynebacteriales,Nocardiaceae,,
0.0,0.0,6.76,0.0,0.0,0.0,Bacteria,unk_k,Actinobacteria,Actinomycetia,Corynebacteriales,Nocardiaceae,Rhodococcus,Rhodococcus sp.
0.0,4.49,0.0,0.0,0.0,0.0,Bacteria,unk_k,Actinobacteria,Actinomycetia,Micrococcales,Brevibacteriaceae,Brevibacterium,Brevibacterium linens
0.0,35.84,0.0,0.0,0.0,0.0,Bacteria,unk_k,Actinobacteria,Actinomycetia,Micrococcales,Brevibacteriaceae,Brevibacterium,Brevibacterium sp. MT5-11
0.0,18.26,0.0,0.0,0.0,0.0,Bacteria,unk_k,Actinobacteria,Actinomycetia,Micrococcales,Brevibacteriaceae,Brevibacterium,
0.0,22.51,0.0,0.0,0.0,0.0,Bacteria,unk_k,Actinobacteria,Actinomycetia,Micrococcales,Cellulomonadaceae,unk_g,uncultured Cellulomonadaceae bacterium
0.0,12.28,0.0,0.0,0.0,0.0,Bacteria,unk_k,Actinobacteria,Actinomycetia,Micrococcales,Dermabacteraceae,Brachybacterium,
0.0,11.31,0.0,0.0,0.0,0.0,Bacteria,unk_k,Actinobacteria,Actinomycetia,Micrococcales,Intrasporangiaceae,Phycicoccus,
0.0,96.59,0.0,0.0,0.0,0.0,Bacteria,unk_k,Actinobacteria,Actinomycetia,Micrococcales,Microbacteriaceae,Curtobacterium,Curtobacterium sp. LMG 2896
0.0,0.0,4.39,0.0,0.0,0.0,Bacteria,unk_k,Actinobacteria,Actinomycetia,Micrococcales,Microbacteriaceae,Microbacterium,Microbacterium sp. PIII_29
0.0,6.73,0.0,0.0,0.0,0.0,Bacteria,unk_k,Actinobacteria,Actinomycetia,Micrococcales,Microbacteriaceae,Microbacterium,Microbacterium testaceum
0.0,18.31,0.0,0.0,0.0,0.0,Bacteria,unk_k,Actinobacteria,Actinomycetia,Micrococcales,Micrococcaceae,Citricoccus,Citricoccus sp.
0.0,56.79,0.0,0.0,0.0,0.0,Bacteria,unk_k,Actinobacteria,Actinomycetia,Micrococcales,Micrococcaceae,Kocuria,Kocuria palustris
0.0,22.33,0.0,0.0,0.0,0.0,Bacteria,unk_k,Actinobacteria,Actinomycetia,Micrococcales,Micrococcaceae,Kocuria,Kocuria sp. SS13.27
0.0,0.0,2.08,0.0,0.0,0.0,Bacteria,unk_k,Actinobacteria,Actinomycetia,Micrococcales,Micrococcaceae,Kocuria,Kocuria sp. W1
0.0,68.08,0.0,0.0,0.0,0.0,Bacteria,unk_k,Actinobacteria,Actinomycetia,Micrococcales,Micrococcaceae,,
0.0,13.95,0.0,0.0,0.0,0.0,Bacteria,unk_k,Actinobacteria,Actinomycetia,Micrococcales,Micrococcaceae,Rothia,uncultured Rothia sp.
0.0,0.51,0.0,0.0,0.0,0.0,Bacteria,unk_k,Actinobacteria,Actinomycetia,Micrococcales,,,
0.0,27.7,0.0,0.0,0.0,0.0,Bacteria,unk_k,Actinobacteria,Actinomycetia,Propionibacteriales,Nocardioidaceae,Aeromicrobium,Aeromicrobium sp.
0.0,76.65,0.0,0.0,0.0,0.0,Bacteria,unk_k,Actinobacteria,Actinomycetia,Propionibacteriales,Nocardioidaceae,Aeromicrobium,uncultured Aeromicrobium sp.
0.0,12.36,0.0,0.0,0.0,0.0,Bacteria,unk_k,Actinobacteria,Actinomycetia,Propionibacteriales,Nocardioidaceae,Friedmanniella,
0.0,13.22,0.0,0.0,0.0,0.0,Bacteria,unk_k,Actinobacteria,Actinomycetia,Propionibacteriales,Nocardioidaceae,,
0.0,0.0,4.78,0.0,0.0,0.0,Bacteria,unk_k,Actinobacteria,Actinomycetia,Propionibacteriales,Nocardioidaceae,Nocardioides,
0.0,0.0,3.1,0.0,0.0,0.0,Bacteria,unk_k,Actinobacteria,Actinomycetia,Propionibacteriales,Nocardioidaceae,Nocardioides,uncultured Nocardioides sp.
0.0,4.47,0.0,0.0,0.0,0.0,Bacteria,unk_k,Actinobacteria,Actinomycetia,Propionibacteriales,Propionibacteriaceae,Propionibacterium,Propionibacterium sp. CJ82
0.0,422.59,9.19,0.0,0.0,0.0,Bacteria,unk_k,Actinobacteria,Actinomycetia,Propionibacteriales,Propionibacteriaceae,Propionibacterium,uncultured Propionibacterium sp.
0.0,6.52,0.0,0.0,0.0,0.0,Bacteria,unk_k,Actinobacteria,Actinomycetia,Pseudonocardiales,Pseudonocardiaceae,Actinomycetospora,Actinomycetospora sp.
0.0,48.73,0.0,0.0,0.0,0.0,Bacteria,unk_k,Actinobacteria,Actinomycetia,Pseudonocardiales,Pseudonocardiaceae,Actinomycetospora,Actinomycetospora sp. I12A-02678
0.0,7.25,0.0,0.0,0.0,0.0,Bacteria,unk_k,Actinobacteria,Actinomycetia,Pseudonocardiales,Pseudonocardiaceae,Actinomycetospora,
0.0,3.05,0.0,0.0,0.0,0.0,Bacteria,unk_k,Actinobacteria,Actinomycetia,Pseudonocardiales,Pseudonocardiaceae,,
0.0,27.62,0.0,0.0,0.0,0.0,Bacteria,unk_k,Actinobacteria,Actinomycetia,Streptomycetales,Streptomycetaceae,Streptomyces,
0.0,0.0,2.34,0.0,0.0,0.0,Bacteria,unk_k,Actinobacteria,Actinomycetia,Streptomycetales,Streptomycetaceae,Streptomyces,Streptomyces prunicolor
0.0,0.0,4.47,0.0,0.0,0.0,Bacteria,unk_k,Actinobacteria,Actinomycetia,Streptomycetales,Streptomycetaceae,Streptomyces,Streptomyces sp. 6BA6
0.0,7.37,0.0,0.0,0.0,0.0,Bacteria,unk_k,Actinobacteria,Actinomycetia,Streptomycetales,Streptomycetaceae,Streptomyces,Streptomyces sp. KLBMP 2170
0.0,34.76,6.47,0.0,0.0,0.0,Bacteria,unk_k,Actinobacteria,Actinomycetia,unk_o,unk_f,,
0.0,9.61,4.3,0.0,0.0,14.8,Bacteria,unk_k,Actinobacteria,Actinomycetia,unk_o,unk_f,unk_g,
0.0,208.76,16.89,0.0,0.0,0.0,Bacteria,unk_k,Actinobacteria,Actinomycetia,unk_o,unk_f,unk_g,uncultured actinobacterium
0.0,5.4,0.0,0.0,0.0,0.0,Bacteria,unk_k,Actinobacteria,Coriobacteriia,Coriobacteriales,Atopobiaceae,,
0.0,12.22,0.0,0.0,0.0,0.0,Bacteria,unk_k,Actinobacteria,Coriobacteriia,Coriobacteriales,Atopobiaceae,Olsenella,Olsenella sp. Mou06
0.0,447.29,0.0,0.0,0.0,0.0,Bacteria,unk_k,Actinobacteria,Coriobacteriia,Coriobacteriales,Coriobacteriaceae,,
0.0,303.28,17.64,0.0,0.0,0.0,Bacteria,unk_k,Actinobacteria,Coriobacteriia,Coriobacteriales,Coriobacteriaceae,unk_g,
0.0,631.98,3.07,0.0,0.0,0.0,Bacteria,unk_k,Actinobacteria,Coriobacteriia,Coriobacteriales,Coriobacteriaceae,unk_g,uncultured Coriobacteriaceae bacterium
0.0,7.38,0.0,0.0,0.0,0.0,Bacteria,unk_k,Actinobacteria,Coriobacteriia,Coriobacteriales,,,
0.0,0.0,5.17,0.0,0.0,0.0,Bacteria,unk_k,Actinobacteria,Coriobacteriia,Eggerthellales,Eggerthellaceae,Asaccharobacter,
0.0,37.2,0.0,0.0,0.0,0.0,Bacteria,unk_k,Actinobacteria,Coriobacteriia,Eggerthellales,Eggerthellaceae,Asaccharobacter,uncultured Asaccharobacter sp.
0.0,28.97,0.0,0.0,0.0,0.0,Bacteria,unk_k,Actinobacteria,Coriobacteriia,Eggerthellales,,,
0.0,190.71,0.0,0.0,0.0,0.0,Bacteria,unk_k,Bacteroidetes,Bacteroidia,Bacteroidales,Bacteroidaceae,Bacteroides,Bacteroides sp. CO55
0.0,1199.82,0.0,0.0,0.0,0.0,Bacteria,unk_k,Bacteroidetes,Bacteroidia,Bacteroidales,Bacteroidaceae,Bacteroides,
0.0,3.81,0.0,0.0,0.0,0.0,Bacteria,unk_k,Bacteroidetes,Bacteroidia,Bacteroidales,Bacteroidaceae,Bacteroides,uncultured Bacteroides sp.
0.0,848.8,7.95,0.0,0.0,0.0,Bacteria,unk_k,Bacteroidetes,Bacteroidia,Bacteroidales,Bacteroidaceae,,
0.0,0.0,10.3,0.0,0.0,0.0,Bacteria,unk_k,Bacteroidetes,Bacteroidia,Bacteroidales,Barnesiellaceae,Barnesiella,
0.0,0.0,33.48,0.0,0.0,0.0,Bacteria,unk_k,Bacteroidetes,Bacteroidia,Bacteroidales,Barnesiellaceae,Barnesiella,uncultured Barnesiella sp.
0.0,7.25,0.0,0.0,0.0,0.0,Bacteria,unk_k,Bacteroidetes,Bacteroidia,Bacteroidales,Barnesiellaceae,,
0.0,0.0,5.51,0.0,0.0,0.0,Bacteria,unk_k,Bacteroidetes,Bacteroidia,Bacteroidales,Muribaculaceae,Duncaniella,
0.0,254.79,23.84,0.0,0.0,0.0,Bacteria,unk_k,Bacteroidetes,Bacteroidia,Bacteroidales,Muribaculaceae,,
0.0,5.22,1.95,0.0,0.0,0.0,Bacteria,unk_k,Bacteroidetes,Bacteroidia,Bacteroidales,,,
0.0,0.0,5.26,0.0,0.0,0.0,Bacteria,unk_k,Bacteroidetes,Bacteroidia,Bacteroidales,Odoribacteraceae,,
0.0,4572.82,54.06,0.0,0.0,0.0,Bacteria,unk_k,Bacteroidetes,Bacteroidia,Bacteroidales,Porphyromonadaceae,,
0.0,696.04,49.51,0.0,0.0,0.0,Bacteria,unk_k,Bacteroidetes,Bacteroidia,Bacteroidales,Porphyromonadaceae,unk_g,
0.0,926.5,0.0,0.0,0.0,0.0,Bacteria,unk_k,Bacteroidetes,Bacteroidia,Bacteroidales,Porphyromonadaceae,unk_g,uncultured Porphyromonadaceae bacterium
0.0,93.5,0.0,0.0,0.0,0.0,Bacteria,unk_k,Bacteroidetes,Bacteroidia,Bacteroidales,Prevotellaceae,,
0.0,0.0,39.02,0.0,0.0,0.0,Bacteria,unk_k,Bacteroidetes,Bacteroidia,Bacteroidales,Prevotellaceae,unk_g,
0.0,78.92,0.0,0.0,0.0,0.0,Bacteria,unk_k,Bacteroidetes,Bacteroidia,Bacteroidales,Prevotellaceae,unk_g,Prevotellaceae bacterium Marseille-P2826
0.0,248.37,0.0,0.0,0.0,0.0,Bacteria,unk_k,Bacteroidetes,Bacteroidia,Bacteroidales,Rikenellaceae,,
0.0,1.8,0.0,0.0,0.0,0.0,Bacteria,unk_k,Bacteroidetes,Bacteroidia,Bacteroidales,Tannerellaceae,,
0.0,285.12,0.0,0.0,0.0,0.0,Bacteria,unk_k,Bacteroidetes,Bacteroidia,Bacteroidales,Tannerellaceae,Parabacteroides,
0.0,3025.39,21.45,0.0,0.0,0.0,Bacteria,unk_k,Bacteroidetes,Bacteroidia,Bacteroidales,unk_f,,
0.0,0.0,18.28,0.0,0.0,0.0,Bacteria,unk_k,Bacteroidetes,Bacteroidia,Bacteroidales,unk_f,unk_g,
0.0,184.57,4.83,0.0,0.0,0.0,Bacteria,unk_k,Bacteroidetes,Bacteroidia,Bacteroidales,unk_f,unk_g,uncultured Bacteroidales bacterium
0.0,0.0,4.92,0.0,0.0,0.0,Bacteria,unk_k,Bacteroidetes,Chitinophagia,Chitinophagales,Chitinophagaceae,Flavisolibacter,
0.0,0.0,5.96,0.0,0.0,0.0,Bacteria,unk_k,Bacteroidetes,Chitinophagia,Chitinophagales,Chitinophagaceae,,
0.0,15.26,0.0,0.0,0.0,0.0,Bacteria,unk_k,Bacteroidetes,Cytophagia,Cytophagales,Cytophagaceae,,
0.0,65.79,0.0,0.0,0.0,0.0,Bacteria,unk_k,Bacteroidetes,Cytophagia,Cytophagales,Cytophagaceae,Spirosoma,
0.0,0.0,3.09,0.0,0.0,0.0,Bacteria,unk_k,Bacteroidetes,Cytophagia,Cytophagales,Spirosomaceae,Leadbetterella,uncultured Leadbetterella sp.
0.0,47.62,3.12,0.0,0.0,0.0,Bacteria,unk_k,Bacteroidetes,Flavobacteriia,Flavobacteriales,Flavobacteriaceae,Flavobacterium,
0.0,0.0,3.35,0.0,0.0,0.0,Bacteria,unk_k,Bacteroidetes,Sphingobacteriia,Sphingobacteriales,Sphingobacteriaceae,Mucilaginibacter,
0.0,0.0,12.39,0.0,0.0,0.0,Bacteria,unk_k,Bacteroidetes,Sphingobacteriia,Sphingobacteriales,Sphingobacteriaceae,Sphingobacterium,
0.0,0.0,3.1,0.0,0.0,0.0,Bacteria,unk_k,Bacteroidetes,Sphingobacteriia,Sphingobacteriales,Sphingobacteriaceae,Sphingobacterium,uncultured Sphingobacterium sp.
0.0,0.0,2.56,0.0,0.0,0.0,Bacteria,unk_k,Bacteroidetes,Sphingobacteriia,Sphingobacteriales,unk_f,unk_g,uncultured Sphingobacteriales bacterium
0.0,627.91,7.02,0.0,0.0,0.0,Bacteria,unk_k,Bacteroidetes,unk_c,unk_o,,,
0.0,9358.630000000001,199.38,0.0,0.0,0.0,Bacteria,unk_k,Bacteroidetes,unk_c,unk_o,unk_f,,
0.0,5578.040000000001,91.47,0.0,0.0,0.0,Bacteria,unk_k,Bacteroidetes,unk_c,unk_o,unk_f,unk_g,
0.0,6006.299999999999,163.45,0.0,0.0,0.0,Bacteria,unk_k,Bacteroidetes,unk_c,unk_o,unk_f,unk_g,uncultured Bacteroidetes bacterium
0.0,0.0,0.0,0.0,0.0,16.98,Bacteria,unk_k,Candidatus Latescibacteria,unk_c,unk_o,unk_f,,
0.0,0.0,0.0,0.0,0.0,6.11,Bacteria,unk_k,Candidatus Latescibacteria,unk_c,unk_o,unk_f,unk_g,
0.0,6.56,0.0,0.0,0.0,0.0,Bacteria,unk_k,Candidatus Saccharibacteria,unk_c,unk_o,unk_f,unk_g,
0.0,6.1,0.0,0.0,0.0,0.0,Bacteria,unk_k,Candidatus Saccharibacteria,unk_c,unk_o,unk_f,unk_g,uncultured Candidatus Saccharibacteria bacterium
0.0,0.0,0.0,0.0,0.0,12.36,Bacteria,unk_k,Chloroflexi,unk_c,unk_o,unk_f,,
0.0,6.19,11.39,0.0,0.0,0.0,Bacteria,unk_k,Cyanobacteria,unk_c,unk_o,unk_f,,
0.0,60.18,0.0,0.0,0.0,0.0,Bacteria,unk_k,Cyanobacteria,unk_c,unk_o,unk_f,unk_g,
0.0,3.45,0.0,0.0,0.0,0.0,Bacteria,unk_k,Cyanobacteria,unk_c,unk_o,unk_f,unk_g,uncultured cyanobacterium
0.0,6.49,0.0,0.0,0.0,0.0,Bacteria,unk_k,Firmicutes,Bacilli,Bacillales,Bacillaceae,Bacillus,Bacillus cereus
0.0,58.56,0.0,0.0,0.0,0.0,Bacteria,unk_k,Firmicutes,Bacilli,Bacillales,Bacillaceae,Bacillus,Bacillus licheniformis
0.0,174.07,0.0,0.0,0.0,0.0,Bacteria,unk_k,Firmicutes,Bacilli,Bacillales,Bacillaceae,Bacillus,Bacillus sp. (in: Bacteria)
0.0,2.93,0.0,0.0,0.0,0.0,Bacteria,unk_k,Firmicutes,Bacilli,Bacillales,Bacillaceae,Bacillus,Bacillus sp. 1127
0.0,436.68,0.0,0.0,0.0,0.0,Bacteria,unk_k,Firmicutes,Bacilli,Bacillales,Bacillaceae,Bacillus,Bacillus sp. 2002
0.0,5.52,0.0,0.0,0.0,0.0,Bacteria,unk_k,Firmicutes,Bacilli,Bacillales,Bacillaceae,Bacillus,Bacillus sp. 2053
0.0,5.83,0.0,0.0,0.0,0.0,Bacteria,unk_k,Firmicutes,Bacilli,Bacillales,Bacillaceae,Bacillus,Bacillus sp. 2081
0.0,54.84,0.0,0.0,0.0,0.0,Bacteria,unk_k,Firmicutes,Bacilli,Bacillales,Bacillaceae,Bacillus,Bacillus sp. 2084
0.0,2.45,0.0,0.0,0.0,0.0,Bacteria,unk_k,Firmicutes,Bacilli,Bacillales,Bacillaceae,Bacillus,Bacillus sp. 3039
0.0,7.62,0.0,0.0,0.0,0.0,Bacteria,unk_k,Firmicutes,Bacilli,Bacillales,Bacillaceae,Bacillus,Bacillus sp. 3047
0.0,5.17,0.0,0.0,0.0,0.0,Bacteria,unk_k,Firmicutes,Bacilli,Bacillales,Bacillaceae,Bacillus,Bacillus sp. 3098
0.0,633.87,0.0,0.0,0.0,0.0,Bacteria,unk_k,Firmicutes,Bacilli,Bacillales,Bacillaceae,Bacillus,Bacillus sp. 4072
0.0,20.0,0.0,0.0,0.0,0.0,Bacteria,unk_k,Firmicutes,Bacilli,Bacillales,Bacillaceae,Bacillus,Bacillus sp. 6020
0.0,4.23,0.0,0.0,0.0,0.0,Bacteria,unk_k,Firmicutes,Bacilli,Bacillales,Bacillaceae,Bacillus,Bacillus sp. 6086
0.0,12.49,0.0,0.0,0.0,0.0,Bacteria,unk_k,Firmicutes,Bacilli,Bacillales,Bacillaceae,Bacillus,Bacillus sp. A1013
0.0,3.23,0.0,0.0,0.0,0.0,Bacteria,unk_k,Firmicutes,Bacilli,Bacillales,Bacillaceae,Bacillus,Bacillus sp. B1021
0.0,2.92,0.0,0.0,0.0,0.0,Bacteria,unk_k,Firmicutes,Bacilli,Bacillales,Bacillaceae,Bacillus,Bacillus sp. B1088
0.0,3.88,0.0,0.0,0.0,0.0,Bacteria,unk_k,Firmicutes,Bacilli,Bacillales,Bacillaceae,Bacillus,Bacillus sp. B3095
0.0,11.3,0.0,0.0,0.0,0.0,Bacteria,unk_k,Firmicutes,Bacilli,Bacillales,Bacillaceae,Bacillus,Bacillus sp. BNR231
0.0,420.93,0.0,0.0,0.0,0.0,Bacteria,unk_k,Firmicutes,Bacilli,Bacillales,Bacillaceae,Bacillus,Bacillus sp. D-24-25-4
0.0,8.0,0.0,0.0,0.0,0.0,Bacteria,unk_k,Firmicutes,Bacilli,Bacillales,Bacillaceae,Bacillus,Bacillus sp. IDA5367
0.0,15.01,0.0,0.0,0.0,0.0,Bacteria,unk_k,Firmicutes,Bacilli,Bacillales,Bacillaceae,Bacillus,Bacillus sp. IHB B 2290
0.0,5.14,0.0,0.0,0.0,0.0,Bacteria,unk_k,Firmicutes,Bacilli,Bacillales,Bacillaceae,Bacillus,Bacillus sp. IHB B 4001
0.0,11.51,0.0,0.0,0.0,0.0,Bacteria,unk_k,Firmicutes,Bacilli,Bacillales,Bacillaceae,Bacillus,Bacillus sp. IHB B 4014
0.0,16.27,0.0,0.0,0.0,0.0,Bacteria,unk_k,Firmicutes,Bacilli,Bacillales,Bacillaceae,Bacillus,Bacillus sp. IWF41
0.0,7.37,0.0,0.0,0.0,0.0,Bacteria,unk_k,Firmicutes,Bacilli,Bacillales,Bacillaceae,Bacillus,Bacillus sp. KL2(2010)
0.0,41.19,0.0,0.0,0.0,0.0,Bacteria,unk_k,Firmicutes,Bacilli,Bacillales,Bacillaceae,Bacillus,Bacillus sp. KZ_AaeF_Ma2
0.0,3.71,0.0,0.0,0.0,0.0,Bacteria,unk_k,Firmicutes,Bacilli,Bacillales,Bacillaceae,Bacillus,Bacillus sp. M4
0.0,10.6,0.0,0.0,0.0,0.0,Bacteria,unk_k,Firmicutes,Bacilli,Bacillales,Bacillaceae,Bacillus,Bacillus sp. M59
0.0,8.57,0.0,0.0,0.0,0.0,Bacteria,unk_k,Firmicutes,Bacilli,Bacillales,Bacillaceae,Bacillus,Bacillus sp. MG06
0.0,3.63,0.0,0.0,0.0,0.0,Bacteria,unk_k,Firmicutes,Bacilli,Bacillales,Bacillaceae,Bacillus,Bacillus sp. NK7
0.0,5.63,0.0,0.0,0.0,0.0,Bacteria,unk_k,Firmicutes,Bacilli,Bacillales,Bacillaceae,Bacillus,Bacillus sp. Ni35
0.0,7.21,0.0,0.0,0.0,0.0,Bacteria,unk_k,Firmicutes,Bacilli,Bacillales,Bacillaceae,Bacillus,Bacillus sp. PK-13
0.0,4.15,0.0,0.0,0.0,0.0,Bacteria,unk_k,Firmicutes,Bacilli,Bacillales,Bacillaceae,Bacillus,Bacillus sp. R-45549
0.0,2.79,0.0,0.0,0.0,0.0,Bacteria,unk_k,Firmicutes,Bacilli,Bacillales,Bacillaceae,Bacillus,Bacillus sp. SAUK2-4
0.0,19.03,0.0,0.0,0.0,0.0,Bacteria,unk_k,Firmicutes,Bacilli,Bacillales,Bacillaceae,Bacillus,Bacillus sp. SO6.12
0.0,293.36,0.0,0.0,0.0,0.0,Bacteria,unk_k,Firmicutes,Bacilli,Bacillales,Bacillaceae,Bacillus,Bacillus sp. Tf 1-40
0.0,68.02,0.0,0.0,0.0,0.0,Bacteria,unk_k,Firmicutes,Bacilli,Bacillales,Bacillaceae,Bacillus,Bacillus sp. VAN12
0.0,5.24,0.0,0.0,0.0,0.0,Bacteria,unk_k,Firmicutes,Bacilli,Bacillales,Bacillaceae,Bacillus,Bacillus sp. enrichment culture clone Cl-37
0.0,13306.75,0.0,0.0,0.0,0.0,Bacteria,unk_k,Firmicutes,Bacilli,Bacillales,Bacillaceae,Bacillus,Bacillus sp. iCTE14
0.0,71.21,0.0,0.0,0.0,0.0,Bacteria,unk_k,Firmicutes,Bacilli,Bacillales,Bacillaceae,Bacillus,Bacillus sp. m2(2006)
0.0,3.45,0.0,0.0,0.0,0.0,Bacteria,unk_k,Firmicutes,Bacilli,Bacillales,Bacillaceae,Bacillus,Bacillus sp. mixed culture X6-65
0.0,412.61,0.0,0.0,0.0,0.0,Bacteria,unk_k,Firmicutes,Bacilli,Bacillales,Bacillaceae,Bacillus,Bacillus subtilis
0.0,48.57,0.0,0.0,0.0,0.0,Bacteria,unk_k,Firmicutes,Bacilli,Bacillales,Bacillaceae,Bacillus,
0.0,440.18,0.0,0.0,0.0,0.0,Bacteria,unk_k,Firmicutes,Bacilli,Bacillales,Bacillaceae,Bacillus,uncultured Bacillus sp.
0.0,26.389999999999997,0.0,0.0,0.0,0.0,Bacteria,unk_k,Firmicutes,Bacilli,Bacillales,Bacillaceae,,
0.0,15.34,0.0,0.0,0.0,0.0,Bacteria,unk_k,Firmicutes,Bacilli,Bacillales,Bacillaceae,Priestia,
0.0,22.95,0.0,0.0,0.0,0.0,Bacteria,unk_k,Firmicutes,Bacilli,Bacillales,Bacillaceae,Priestia,Priestia aryabhattai
0.0,362.84,0.0,0.0,0.0,0.0,Bacteria,unk_k,Firmicutes,Bacilli,Bacillales,Bacillaceae,Priestia,Priestia flexa
0.0,1403.89,0.0,0.0,0.0,0.0,Bacteria,unk_k,Firmicutes,Bacilli,Bacillales,Bacillaceae,Priestia,Priestia megaterium
0.0,6.08,0.0,0.0,0.0,0.0,Bacteria,unk_k,Firmicutes,Bacilli,Bacillales,Bacillaceae,Virgibacillus,
0.0,7.09,0.0,0.0,0.0,0.0,Bacteria,unk_k,Firmicutes,Bacilli,Bacillales,Bacillaceae,Weizmannia,Weizmannia ginsengihum
0.0,4.76,0.0,0.0,0.0,0.0,Bacteria,unk_k,Firmicutes,Bacilli,Bacillales,Bacillaceae,unk_g,uncultured Bacillaceae bacterium
0.0,4.25,0.0,0.0,0.0,0.0,Bacteria,unk_k,Firmicutes,Bacilli,Bacillales,Paenibacillaceae,Paenibacillus,Paenibacillus sp. SMCC G938
0.0,57.38,0.0,0.0,0.0,0.0,Bacteria,unk_k,Firmicutes,Bacilli,Bacillales,Staphylococcaceae,Mammaliicoccus,Mammaliicoccus sciuri
0.0,7.88,0.0,0.0,0.0,0.0,Bacteria,unk_k,Firmicutes,Bacilli,Bacillales,Staphylococcaceae,,
0.0,0.0,2.79,0.0,0.0,0.0,Bacteria,unk_k,Firmicutes,Bacilli,Bacillales,Staphylococcaceae,Staphylococcus,Staphylococcus aureus
0.0,155.11,0.0,0.0,0.0,0.0,Bacteria,unk_k,Firmicutes,Bacilli,Bacillales,Staphylococcaceae,Staphylococcus,Staphylococcus epidermidis
0.0,40.31,0.0,0.0,0.0,0.0,Bacteria,unk_k,Firmicutes,Bacilli,Bacillales,Staphylococcaceae,Staphylococcus,Staphylococcus equorum
0.0,30.21,0.0,0.0,0.0,0.0,Bacteria,unk_k,Firmicutes,Bacilli,Bacillales,Staphylococcaceae,Staphylococcus,Staphylococcus saccharolyticus
0.0,16.89,14.66,0.0,0.0,0.0,Bacteria,unk_k,Firmicutes,Bacilli,Bacillales,Staphylococcaceae,Staphylococcus,Staphylococcus sp. EF2B-B65
0.0,72.1,0.0,0.0,0.0,0.0,Bacteria,unk_k,Firmicutes,Bacilli,Bacillales,Staphylococcaceae,Staphylococcus,Staphylococcus sp. IV0_G
0.0,5.05,0.0,0.0,0.0,0.0,Bacteria,unk_k,Firmicutes,Bacilli,Bacillales,Staphylococcaceae,Staphylococcus,Staphylococcus sp. iDCIII2
0.0,82.27,5.29,0.0,0.0,0.0,Bacteria,unk_k,Firmicutes,Bacilli,Bacillales,Staphylococcaceae,Staphylococcus,uncultured Staphylococcus sp.
0.0,32.47,0.0,0.0,0.0,0.0,Bacteria,unk_k,Firmicutes,Bacilli,Bacillales,unk_f,Exiguobacterium,Exiguobacterium sp. LP15
0.0,6.94,0.0,0.0,0.0,0.0,Bacteria,unk_k,Firmicutes,Bacilli,Lactobacillales,Aerococcaceae,Facklamia,Facklamia hominis
0.0,798.63,6.34,0.0,0.0,0.0,Bacteria,unk_k,Firmicutes,Bacilli,Lactobacillales,Enterococcaceae,Enterococcus,Enterococcus faecalis
0.0,0.0,2.75,0.0,0.0,0.0,Bacteria,unk_k,Firmicutes,Bacilli,Lactobacillales,Enterococcaceae,Enterococcus,Enterococcus hirae
0.0,0.0,2.91,0.0,0.0,0.0,Bacteria,unk_k,Firmicutes,Bacilli,Lactobacillales,Enterococcaceae,Enterococcus,
0.0,18.07,0.0,0.0,0.0,0.0,Bacteria,unk_k,Firmicutes,Bacilli,Lactobacillales,Enterococcaceae,,
0.0,3.69,0.0,0.0,0.0,0.0,Bacteria,unk_k,Firmicutes,Bacilli,Lactobacillales,Enterococcaceae,unk_g,uncultured Enterococcaceae bacterium
0.0,89.65,374.91999999999996,0.0,0.0,0.0,Bacteria,unk_k,Firmicutes,Bacilli,Lactobacillales,Lactobacillaceae,Lactobacillus,Lactobacillus acidophilus
0.0,121.6,0.0,0.0,0.0,0.0,Bacteria,unk_k,Firmicutes,Bacilli,Lactobacillales,Lactobacillaceae,Lactobacillus,Lactobacillus intestinalis
0.0,502.48,80.93,0.0,0.0,0.0,Bacteria,unk_k,Firmicutes,Bacilli,Lactobacillales,Lactobacillaceae,Lactobacillus,Lactobacillus johnsonii
0.0,6.87,0.0,0.0,0.0,0.0,Bacteria,unk_k,Firmicutes,Bacilli,Lactobacillales,Lactobacillaceae,Lactobacillus,Lactobacillus sp. C30An22
0.0,87.72999999999999,2.91,0.0,0.0,0.0,Bacteria,unk_k,Firmicutes,Bacilli,Lactobacillales,Lactobacillaceae,Lactobacillus,
0.0,4349.28,410.21999999999997,0.0,0.0,3.21,Bacteria,unk_k,Firmicutes,Bacilli,Lactobacillales,Lactobacillaceae,Lactobacillus,uncultured Lactobacillus sp.
0.0,16.05,15.37,0.0,0.0,0.0,Bacteria,unk_k,Firmicutes,Bacilli,Lactobacillales,Lactobacillaceae,Ligilactobacillus,
0.0,543.32,99.41,0.0,0.0,0.0,Bacteria,unk_k,Firmicutes,Bacilli,Lactobacillales,Lactobacillaceae,Limosilactobacillus,Limosilactobacillus reuteri
0.0,3.28,6.62,0.0,0.0,0.0,Bacteria,unk_k,Firmicutes,Bacilli,Lactobacillales,Lactobacillaceae,,
0.0,28.1,0.0,0.0,0.0,0.0,Bacteria,unk_k,Firmicutes,Bacilli,Lactobacillales,Streptococcaceae,Streptococcus,Streptococcus mitis
0.0,0.0,4.44,0.0,0.0,0.0,Bacteria,unk_k,Firmicutes,Bacilli,Lactobacillales,Streptococcaceae,Streptococcus,Streptococcus sp. GDLAMI-SD2
0.0,9.35,8.42,0.0,0.0,0.0,Bacteria,unk_k,Firmicutes,Bacilli,Lactobacillales,Streptococcaceae,Streptococcus,Streptococcus sp. VAMC 3076
0.0,65.1,0.0,0.0,0.0,0.0,Bacteria,unk_k,Firmicutes,Bacilli,Lactobacillales,Streptococcaceae,Streptococcus,Streptococcus sp. mare1
0.0,80.35,0.0,0.0,0.0,0.0,Bacteria,unk_k,Firmicutes,Bacilli,Lactobacillales,Streptococcaceae,Streptococcus,Streptococcus sp. oral clone BP2-61
0.0,20.66,0.0,0.0,0.0,0.0,Bacteria,unk_k,Firmicutes,Bacilli,Lactobacillales,Streptococcaceae,Streptococcus,uncultured Streptococcus sp.
0.0,44.21,0.0,0.0,0.0,0.0,Bacteria,unk_k,Firmicutes,Bacilli,unk_o,unk_f,unk_g,uncultured Bacilli bacterium
0.0,1177.0900000000001,32.400000000000006,0.0,0.0,3.53,Bacteria,unk_k,Firmicutes,Clostridia,Eubacteriales,Clostridiaceae,Clostridium,
0.0,1716.77,0.0,0.0,0.0,7.79,Bacteria,unk_k,Firmicutes,Clostridia,Eubacteriales,Clostridiaceae,,
0.0,12.48,0.0,0.0,0.0,0.0,Bacteria,unk_k,Firmicutes,Clostridia,Eubacteriales,Clostridiales Family XIV. Incertae Sedis,,
0.0,149.48,0.0,0.0,0.0,0.0,Bacteria,unk_k,Firmicutes,Clostridia,Eubacteriales,Eubacteriaceae,Eubacterium,uncultured Eubacterium sp.
0.0,27.07,0.0,0.0,0.0,0.0,Bacteria,unk_k,Firmicutes,Clostridia,Eubacteriales,Eubacteriaceae,,
0.0,23.93,0.0,0.0,0.0,0.0,Bacteria,unk_k,Firmicutes,Clostridia,Eubacteriales,Eubacteriales Family XIII. Incertae Sedis,,
0.0,11.01,0.0,0.0,0.0,0.0,Bacteria,unk_k,Firmicutes,Clostridia,Eubacteriales,Lachnospiraceae,Blautia,
0.0,8997.3,66.77,0.0,0.0,0.0,Bacteria,unk_k,Firmicutes,Clostridia,Eubacteriales,Lachnospiraceae,,
0.0,876.9499999999999,7.49,0.0,0.0,0.0,Bacteria,unk_k,Firmicutes,Clostridia,Eubacteriales,Lachnospiraceae,Roseburia,
0.0,1194.55,130.64,0.0,0.0,0.0,Bacteria,unk_k,Firmicutes,Clostridia,Eubacteriales,Lachnospiraceae,unk_g,
0.0,3.46,0.0,0.0,0.0,0.0,Bacteria,unk_k,Firmicutes,Clostridia,Eubacteriales,Lachnospiraceae,unk_g,uncultured Lachnospiraceae bacterium
0.0,1778.3200000000002,14.69,0.0,0.0,0.0,Bacteria,unk_k,Firmicutes,Clostridia,Eubacteriales,,,
0.0,3.31,0.0,0.0,0.0,0.0,Bacteria,unk_k,Firmicutes,Clostridia,Eubacteriales,Oscillospiraceae,Flavonifractor,
0.0,1288.99,111.34,0.0,0.0,0.0,Bacteria,unk_k,Firmicutes,Clostridia,Eubacteriales,Oscillospiraceae,,
0.0,833.41,3.48,0.0,0.0,0.0,Bacteria,unk_k,Firmicutes,Clostridia,Eubacteriales,Oscillospiraceae,Oscillibacter,
0.0,17.94,0.0,0.0,0.0,0.0,Bacteria,unk_k,Firmicutes,Clostridia,Eubacteriales,Oscillospiraceae,Oscillibacter,uncultured Oscillibacter sp.
0.0,22.51,0.0,0.0,0.0,0.0,Bacteria,unk_k,Firmicutes,Clostridia,Eubacteriales,Oscillospiraceae,Ruminococcus,Ruminococcus sp. WAL 17306
0.0,225.41,0.0,0.0,0.0,0.0,Bacteria,unk_k,Firmicutes,Clostridia,Eubacteriales,Oscillospiraceae,Ruminococcus,uncultured Ruminococcus sp.
0.0,116.79999999999998,0.0,0.0,0.0,5.56,Bacteria,unk_k,Firmicutes,Clostridia,Eubacteriales,Oscillospiraceae,unk_g,
0.0,45.64,2.97,0.0,0.0,0.0,Bacteria,unk_k,Firmicutes,Clostridia,Eubacteriales,Oscillospiraceae,unk_g,uncultured Oscillospiraceae bacterium
0.0,0.0,0.0,0.0,0.0,33.5,Bacteria,unk_k,Firmicutes,Clostridia,Eubacteriales,Peptostreptococcaceae,,
0.0,14.98,0.0,0.0,0.0,0.0,Bacteria,unk_k,Firmicutes,Clostridia,Eubacteriales,unk_f,Evtepia,Evtepia gabavorous
0.0,1103.31,43.0,0.0,0.0,0.0,Bacteria,unk_k,Firmicutes,Clostridia,Eubacteriales,unk_f,,
0.0,1020.04,3.05,0.0,0.0,0.0,Bacteria,unk_k,Firmicutes,Clostridia,Eubacteriales,unk_f,unk_g,
0.0,579.1700000000001,0.0,0.0,0.0,0.0,Bacteria,unk_k,Firmicutes,Clostridia,Eubacteriales,unk_f,unk_g,uncultured Eubacteriales bacterium
0.0,11.72,2.81,0.0,0.0,0.0,Bacteria,unk_k,Firmicutes,Clostridia,Thermoanaerobacterales,unk_f,unk_g,uncultured Thermoanaerobacterales bacterium
0.0,14.71,0.0,0.0,0.0,0.0,Bacteria,unk_k,Firmicutes,Clostridia,unk_o,unk_f,,
0.0,0.0,11.8,0.0,0.0,0.0,Bacteria,unk_k,Firmicutes,Erysipelotrichia,Erysipelotrichales,Erysipelotrichaceae,Allobaculum,uncultured Allobaculum sp.
0.0,5.56,0.0,0.0,0.0,0.0,Bacteria,unk_k,Firmicutes,Erysipelotrichia,Erysipelotrichales,Erysipelotrichaceae,Faecalibaculum,Faecalibaculum rodentium
0.0,1195.04,0.0,0.0,0.0,0.0,Bacteria,unk_k,Firmicutes,Erysipelotrichia,Erysipelotrichales,Erysipelotrichaceae,unk_g,
0.0,0.27,0.0,0.0,0.0,0.0,Bacteria,unk_k,Firmicutes,Negativicutes,Selenomonadales,,,
0.0,62.29,2.45,0.0,0.0,0.0,Bacteria,unk_k,Firmicutes,unk_c,unk_o,,,
0.0,9524.67,111.52000000000001,0.0,0.0,7.67,Bacteria,unk_k,Firmicutes,unk_c,unk_o,unk_f,,
0.0,3972.1,124.89,0.0,0.0,0.0,Bacteria,unk_k,Firmicutes,unk_c,unk_o,unk_f,unk_g,
0.0,993.15,69.84,0.0,0.0,0.0,Bacteria,unk_k,Firmicutes,unk_c,unk_o,unk_f,unk_g,uncultured Firmicutes bacterium
0.0,1204.4,0.0,0.0,0.0,0.0,Bacteria,unk_k,Fusobacteria,Fusobacteriia,Fusobacteriales,Fusobacteriaceae,Fusobacterium,
0.0,80.53,0.0,0.0,0.0,0.0,Bacteria,unk_k,Fusobacteria,Fusobacteriia,Fusobacteriales,Fusobacteriaceae,,
0.0,1147.59,0.0,0.0,0.0,0.0,Bacteria,unk_k,Fusobacteria,Fusobacteriia,Fusobacteriales,Leptotrichiaceae,Streptobacillus,
0.0,4.88,0.0,0.0,0.0,0.0,Bacteria,unk_k,Gemmatimonadetes,Gemmatimonadetes,Gemmatimonadales,Gemmatimonadaceae,,
0.0,27.72,0.0,0.0,0.0,0.0,Bacteria,unk_k,Proteobacteria,Alphaproteobacteria,Caulobacterales,Caulobacteraceae,Brevundimonas,Brevundimonas vesicularis
0.0,7.75,0.0,0.0,0.0,0.0,Bacteria,unk_k,Proteobacteria,Alphaproteobacteria,Hyphomicrobiales,Bartonellaceae,Bartonella,Bartonella henselae
0.0,4.04,0.0,0.0,0.0,0.0,Bacteria,unk_k,Proteobacteria,Alphaproteobacteria,Hyphomicrobiales,Bartonellaceae,Bartonella,Bartonella tribocorum
0.0,7.69,0.0,0.0,0.0,0.0,Bacteria,unk_k,Proteobacteria,Alphaproteobacteria,Hyphomicrobiales,Bartonellaceae,Bartonella,uncultured Bartonella sp.
0.0,37.85,0.0,0.0,0.0,0.0,Bacteria,unk_k,Proteobacteria,Alphaproteobacteria,Hyphomicrobiales,Hyphomicrobiaceae,Hyphomicrobium,uncultured Hyphomicrobium sp.
0.0,0.0,3.95,0.0,0.0,0.0,Bacteria,unk_k,Proteobacteria,Alphaproteobacteria,Hyphomicrobiales,Methylobacteriaceae,Microvirga,uncultured Microvirga sp.
0.0,4.48,0.0,0.0,0.0,0.0,Bacteria,unk_k,Proteobacteria,Alphaproteobacteria,Hyphomicrobiales,Methylobacteriaceae,unk_g,
0.0,24.32,0.0,0.0,0.0,0.0,Bacteria,unk_k,Proteobacteria,Alphaproteobacteria,Hyphomicrobiales,Methylobacteriaceae,unk_g,uncultured Methylobacteriaceae bacterium
0.0,4.04,0.0,0.0,0.0,0.0,Bacteria,unk_k,Proteobacteria,Alphaproteobacteria,Hyphomicrobiales,Phyllobacteriaceae,Phyllobacterium,
0.0,31.45,0.0,0.0,0.0,0.0,Bacteria,unk_k,Proteobacteria,Alphaproteobacteria,Hyphomicrobiales,Phyllobacteriaceae,Phyllobacterium,Phyllobacterium sp. C-150
0.0,0.0,3.16,0.0,0.0,0.0,Bacteria,unk_k,Proteobacteria,Alphaproteobacteria,Hyphomicrobiales,Reyranellaceae,Reyranella,uncultured Reyranella sp.
0.0,0.0,7.24,0.0,0.0,0.0,Bacteria,unk_k,Proteobacteria,Alphaproteobacteria,Hyphomicrobiales,Rhizobiaceae,Agrobacterium,Agrobacterium tumefaciens
0.0,8.63,0.0,0.0,0.0,0.0,Bacteria,unk_k,Proteobacteria,Alphaproteobacteria,Hyphomicrobiales,Rhizobiaceae,unk_g,uncultured Rhizobiaceae bacterium
0.0,40.78,0.0,0.0,0.0,0.0,Bacteria,unk_k,Proteobacteria,Alphaproteobacteria,Rhodobacterales,Rhodobacteraceae,Paracoccus,
0.0,0.0,4.38,0.0,0.0,0.0,Bacteria,unk_k,Proteobacteria,Alphaproteobacteria,Rhodospirillales,Rhodospirillaceae,unk_g,
0.0,46.32,6.02,0.0,0.0,0.0,Bacteria,unk_k,Proteobacteria,Alphaproteobacteria,Rickettsiales,Anaplasmataceae,Anaplasma,Anaplasma phagocytophilum
0.0,45.29,18.72,0.0,0.0,0.0,Bacteria,unk_k,Proteobacteria,Alphaproteobacteria,Rickettsiales,Anaplasmataceae,Candidatus Neoehrlichia,uncultured Candidatus Neoehrlichia sp.
0.0,41.11,0.0,0.0,0.0,0.0,Bacteria,unk_k,Proteobacteria,Alphaproteobacteria,Sphingomonadales,Sphingomonadaceae,Novosphingobium,uncultured Novosphingobium sp.
0.0,14.31,0.0,0.0,0.0,0.0,Bacteria,unk_k,Proteobacteria,Alphaproteobacteria,Sphingomonadales,Sphingomonadaceae,Sphingobium,uncultured Sphingobium sp.
0.0,65.82,0.0,0.0,0.0,0.0,Bacteria,unk_k,Proteobacteria,Alphaproteobacteria,Sphingomonadales,Sphingomonadaceae,Sphingomonas,Sphingomonas sp. 'ARUP UnID 603'
0.0,25.46,0.0,0.0,0.0,0.0,Bacteria,unk_k,Proteobacteria,Alphaproteobacteria,Sphingomonadales,Sphingomonadaceae,Sphingomonas,Sphingomonas sp. A62-24
0.0,3.48,0.0,0.0,0.0,0.0,Bacteria,unk_k,Proteobacteria,Alphaproteobacteria,Sphingomonadales,Sphingomonadaceae,Sphingomonas,Sphingomonas sp. EI149
0.0,49.5,0.0,0.0,0.0,0.0,Bacteria,unk_k,Proteobacteria,Alphaproteobacteria,Sphingomonadales,Sphingomonadaceae,Sphingomonas,Sphingomonas sp. IGS83
0.0,0.0,0.0,0.0,0.0,16.61,Bacteria,unk_k,Proteobacteria,Alphaproteobacteria,Sphingomonadales,Sphingomonadaceae,Sphingomonas,Sphingomonas sp. Pd-S-(l)-m-D-7(6)
0.0,237.29999999999998,0.0,0.0,0.0,0.0,Bacteria,unk_k,Proteobacteria,Alphaproteobacteria,Sphingomonadales,Sphingomonadaceae,Sphingomonas,uncultured Sphingomonas sp.
0.0,78.78,6.46,0.0,0.0,0.0,Bacteria,unk_k,Proteobacteria,Alphaproteobacteria,unk_o,unk_f,,
0.0,50.59,4.17,0.0,0.0,0.0,Bacteria,unk_k,Proteobacteria,Alphaproteobacteria,unk_o,unk_f,unk_g,uncultured Alphaproteobacteria bacterium
0.0,4.55,0.0,0.0,0.0,0.0,Bacteria,unk_k,Proteobacteria,Betaproteobacteria,Burkholderiales,Alcaligenaceae,Achromobacter,Achromobacter sp. FBHYA-B4
0.0,21.32,0.0,0.0,0.0,0.0,Bacteria,unk_k,Proteobacteria,Betaproteobacteria,Burkholderiales,Burkholderiaceae,Cupriavidus,uncultured Cupriavidus sp.
0.0,89.99000000000001,0.0,0.0,0.0,0.0,Bacteria,unk_k,Proteobacteria,Betaproteobacteria,Burkholderiales,Comamonadaceae,Acidovorax,uncultured Acidovorax sp.
0.0,201.48,0.0,0.0,0.0,0.0,Bacteria,unk_k,Proteobacteria,Betaproteobacteria,Burkholderiales,Comamonadaceae,Delftia,Delftia sp. iEAIC92
0.0,0.0,0.0,0.0,0.0,4.26,Bacteria,unk_k,Proteobacteria,Betaproteobacteria,Burkholderiales,Comamonadaceae,Pelomonas,uncultured Pelomonas sp.
0.0,12.92,0.0,0.0,0.0,0.0,Bacteria,unk_k,Proteobacteria,Betaproteobacteria,Burkholderiales,Comamonadaceae,Variovorax,Variovorax sp. RD74
0.0,45.19,0.0,0.0,0.0,0.0,Bacteria,unk_k,Proteobacteria,Betaproteobacteria,Burkholderiales,Oxalobacteraceae,Janthinobacterium,Janthinobacterium sp. RX243
0.0,2.94,0.0,0.0,0.0,0.0,Bacteria,unk_k,Proteobacteria,Betaproteobacteria,Burkholderiales,Oxalobacteraceae,Massilia,Massilia sp.
0.0,8.01,0.0,0.0,0.0,0.0,Bacteria,unk_k,Proteobacteria,Betaproteobacteria,Burkholderiales,Oxalobacteraceae,Massilia,Massilia sp. 'ARUP UnID 395'
0.0,4.9,0.0,0.0,0.0,0.0,Bacteria,unk_k,Proteobacteria,Betaproteobacteria,Burkholderiales,Oxalobacteraceae,Telluria,Telluria mixta
0.0,13.39,0.0,0.0,0.0,0.0,Bacteria,unk_k,Proteobacteria,Betaproteobacteria,Burkholderiales,Sutterellaceae,Parasutterella,Parasutterella excrementihominis
0.0,20.25,0.0,0.0,0.0,0.0,Bacteria,unk_k,Proteobacteria,Betaproteobacteria,Neisseriales,Neisseriaceae,Neisseria,Neisseria shayeganii
0.0,7.16,0.0,0.0,0.0,0.0,Bacteria,unk_k,Proteobacteria,Betaproteobacteria,Rhodocyclales,Azonexaceae,Dechloromonas,uncultured Dechloromonas sp.
0.0,10.37,0.0,0.0,0.0,0.0,Bacteria,unk_k,Proteobacteria,Betaproteobacteria,Rhodocyclales,Zoogloeaceae,Zoogloea,uncultured Zoogloea sp.
0.0,25.62,0.0,0.0,0.0,0.0,Bacteria,unk_k,Proteobacteria,Betaproteobacteria,unk_o,unk_f,,
0.0,21.26,2.97,0.0,0.0,0.0,Bacteria,unk_k,Proteobacteria,Betaproteobacteria,unk_o,unk_f,unk_g,uncultured beta proteobacterium
0.0,8.31,0.0,0.0,0.0,0.0,Bacteria,unk_k,Proteobacteria,Deltaproteobacteria,Desulfovibrionales,,,
0.0,6.5,0.0,0.0,0.0,0.0,Bacteria,unk_k,Proteobacteria,Deltaproteobacteria,Desulfurellales,Desulfurellaceae,,
0.0,6.08,0.0,0.0,0.0,0.0,Bacteria,unk_k,Proteobacteria,Epsilonproteobacteria,Campylobacterales,Campylobacteraceae,Campylobacter,
0.0,24.39,4.63,0.0,0.0,0.0,Bacteria,unk_k,Proteobacteria,Epsilonproteobacteria,Campylobacterales,Campylobacteraceae,,
0.0,3.98,0.0,0.0,0.0,0.0,Bacteria,unk_k,Proteobacteria,Epsilonproteobacteria,Campylobacterales,Helicobacteraceae,Helicobacter,
0.0,115.23,0.0,0.0,0.0,0.0,Bacteria,unk_k,Proteobacteria,Epsilonproteobacteria,Campylobacterales,Helicobacteraceae,Helicobacter,uncultured Helicobacter sp.
0.0,18.88,0.0,0.0,0.0,0.0,Bacteria,unk_k,Proteobacteria,Gammaproteobacteria,Enterobacterales,Enterobacteriaceae,Cronobacter,Cronobacter muytjensii
0.0,9.78,0.0,0.0,0.0,0.0,Bacteria,unk_k,Proteobacteria,Gammaproteobacteria,Enterobacterales,Enterobacteriaceae,Enterobacter,Enterobacter cloacae
0.0,4.65,0.0,0.0,0.0,0.0,Bacteria,unk_k,Proteobacteria,Gammaproteobacteria,Enterobacterales,Enterobacteriaceae,Enterobacter,Enterobacter hormaechei
0.0,2.87,0.0,0.0,0.0,0.0,Bacteria,unk_k,Proteobacteria,Gammaproteobacteria,Enterobacterales,Enterobacteriaceae,Enterobacter,Enterobacter sp. TJI-39
0.0,1542.97,0.0,0.0,0.0,0.0,Bacteria,unk_k,Proteobacteria,Gammaproteobacteria,Enterobacterales,Enterobacteriaceae,Enterobacter,uncultured Enterobacter sp.
0.0,22.169999999999998,0.0,0.0,0.0,0.0,Bacteria,unk_k,Proteobacteria,Gammaproteobacteria,Enterobacterales,Enterobacteriaceae,Escherichia,Escherichia coli
0.0,3.6,0.0,0.0,0.0,0.0,Bacteria,unk_k,Proteobacteria,Gammaproteobacteria,Enterobacterales,Enterobacteriaceae,Escherichia,Escherichia fergusonii
0.0,4.02,0.0,0.0,0.0,0.0,Bacteria,unk_k,Proteobacteria,Gammaproteobacteria,Enterobacterales,Enterobacteriaceae,Escherichia,Escherichia sp.
0.0,8.3,0.0,0.0,0.0,0.0,Bacteria,unk_k,Proteobacteria,Gammaproteobacteria,Enterobacterales,Enterobacteriaceae,Escherichia,
0.0,3501.25,0.0,0.0,0.0,0.0,Bacteria,unk_k,Proteobacteria,Gammaproteobacteria,Enterobacterales,Enterobacteriaceae,Escherichia,uncultured Escherichia sp.
0.0,32.7,0.0,0.31,0.0,0.0,Bacteria,unk_k,Proteobacteria,Gammaproteobacteria,Enterobacterales,Enterobacteriaceae,,
0.0,8.03,0.0,0.0,0.0,0.0,Bacteria,unk_k,Proteobacteria,Gammaproteobacteria,Enterobacterales,Enterobacteriaceae,Salmonella,Salmonella enterica
0.0,18.07,0.0,0.0,0.0,0.0,Bacteria,unk_k,Proteobacteria,Gammaproteobacteria,Enterobacterales,Enterobacteriaceae,Shigella,uncultured Shigella sp.
0.0,10.899999999999999,0.0,0.0,0.0,0.0,Bacteria,unk_k,Proteobacteria,Gammaproteobacteria,Enterobacterales,Enterobacteriaceae,unk_g,uncultured Enterobacteriaceae bacterium
0.0,7.23,0.0,0.0,0.0,0.0,Bacteria,unk_k,Proteobacteria,Gammaproteobacteria,Enterobacterales,Yersiniaceae,Serratia,Serratia liquefaciens
0.0,5.71,0.0,0.0,0.0,0.0,Bacteria,unk_k,Proteobacteria,Gammaproteobacteria,Enterobacterales,Yersiniaceae,Serratia,Serratia marcescens
0.0,35.93,0.0,0.0,0.0,0.0,Bacteria,unk_k,Proteobacteria,Gammaproteobacteria,Enterobacterales,unk_f,,
0.0,3.18,0.0,0.0,0.0,0.0,Bacteria,unk_k,Proteobacteria,Gammaproteobacteria,Moraxellales,Moraxellaceae,Acinetobacter,Acinetobacter johnsonii
0.0,106.58,0.0,0.0,0.0,0.0,Bacteria,unk_k,Proteobacteria,Gammaproteobacteria,Moraxellales,Moraxellaceae,Acinetobacter,Acinetobacter junii
0.0,31.74,0.0,0.0,0.0,0.0,Bacteria,unk_k,Proteobacteria,Gammaproteobacteria,Moraxellales,Moraxellaceae,Acinetobacter,Acinetobacter pittii
0.0,3.48,0.0,0.0,0.0,0.0,Bacteria,unk_k,Proteobacteria,Gammaproteobacteria,Moraxellales,Moraxellaceae,Acinetobacter,Acinetobacter sp. 26
0.0,4.6,0.0,0.0,0.0,0.0,Bacteria,unk_k,Proteobacteria,Gammaproteobacteria,Moraxellales,Moraxellaceae,Acinetobacter,Acinetobacter sp. D36
0.0,32.99,0.0,0.0,0.0,0.0,Bacteria,unk_k,Proteobacteria,Gammaproteobacteria,Moraxellales,Moraxellaceae,Acinetobacter,Acinetobacter sp. IP20A
0.0,19.45,0.0,0.0,0.0,0.0,Bacteria,unk_k,Proteobacteria,Gammaproteobacteria,Moraxellales,Moraxellaceae,Acinetobacter,uncultured Acinetobacter sp.
0.0,0.0,5.41,0.0,0.0,0.0,Bacteria,unk_k,Proteobacteria,Gammaproteobacteria,Nevskiales,Sinobacteraceae,Panacagrimonas,uncultured Panacagrimonas sp.
0.0,5.63,0.0,0.0,0.0,0.0,Bacteria,unk_k,Proteobacteria,Gammaproteobacteria,Pseudomonadales,Pseudomonadaceae,Pseudomonas,Pseudomonas aeruginosa
0.0,16.46,0.0,0.0,0.0,0.0,Bacteria,unk_k,Proteobacteria,Gammaproteobacteria,Pseudomonadales,Pseudomonadaceae,Pseudomonas,Pseudomonas marginalis
0.0,3.47,0.0,0.0,0.0,0.0,Bacteria,unk_k,Proteobacteria,Gammaproteobacteria,Pseudomonadales,Pseudomonadaceae,Pseudomonas,Pseudomonas sp. mixed culture X21-33
0.0,18.6,0.0,0.0,0.0,0.0,Bacteria,unk_k,Proteobacteria,Gammaproteobacteria,Pseudomonadales,Pseudomonadaceae,Pseudomonas,uncultured Pseudomonas sp.
0.0,97.5,0.0,0.0,0.0,0.0,Bacteria,unk_k,Proteobacteria,Gammaproteobacteria,Xanthomonadales,Xanthomonadaceae,Stenotrophomonas,Stenotrophomonas sp. PEL35B
0.0,9.27,0.0,0.0,0.0,0.0,Bacteria,unk_k,Proteobacteria,Gammaproteobacteria,Xanthomonadales,Xanthomonadaceae,Xanthomonas,
0.0,36.1,0.0,0.0,0.0,0.0,Bacteria,unk_k,Proteobacteria,Gammaproteobacteria,unk_o,unk_f,,
0.0,3.59,0.0,0.0,0.0,0.0,Bacteria,unk_k,Proteobacteria,Gammaproteobacteria,unk_o,unk_f,unk_g,
0.0,1691.52,0.0,0.0,0.0,0.0,Bacteria,unk_k,Proteobacteria,Gammaproteobacteria,unk_o,unk_f,unk_g,uncultured Gammaproteobacteria bacterium
0.0,177.5,0.0,0.0,0.0,0.0,Bacteria,unk_k,Proteobacteria,unk_c,unk_o,unk_f,,
0.0,0.0,4.46,0.0,0.0,0.0,Bacteria,unk_k,Proteobacteria,unk_c,unk_o,unk_f,unk_g,
0.0,724.1200000000001,0.0,0.0,0.0,0.0,Bacteria,unk_k,Proteobacteria,unk_c,unk_o,unk_f,unk_g,uncultured proteobacterium
0.0,0.0,35.29,0.0,0.0,0.0,Bacteria,unk_k,Spirochaetes,Spirochaetia,Spirochaetales,Borreliaceae,Borrelia,
0.0,0.0,8499.36,0.0,0.0,0.0,Bacteria,unk_k,Spirochaetes,Spirochaetia,Spirochaetales,Borreliaceae,,
0.0,0.0,0.0,0.0,0.0,7.16,Bacteria,unk_k,Spirochaetes,Spirochaetia,Spirochaetales,Spirochaetaceae,Spirochaeta,
0.0,7.83,0.0,0.0,0.0,0.0,Bacteria,unk_k,Tenericutes,Mollicutes,Acholeplasmatales,Acholeplasmataceae,Candidatus Phytoplasma,Sugarcane phytoplasma (uncharacterized)
0.0,101.02,0.0,0.0,0.0,0.0,Bacteria,unk_k,Tenericutes,Mollicutes,Mycoplasmatales,Mycoplasmataceae,Mycoplasma,Mycoplasma arthritidis
0.0,44.59,0.0,0.0,0.0,0.0,Bacteria,unk_k,Tenericutes,Mollicutes,Mycoplasmatales,Mycoplasmataceae,,
0.0,11.17,0.0,0.0,0.0,0.0,Bacteria,unk_k,Tenericutes,Mollicutes,unk_o,unk_f,unk_g,uncultured Mollicutes bacterium
0.0,0.0,12.67,0.0,0.0,0.0,Bacteria,unk_k,Tenericutes,unk_c,unk_o,unk_f,unk_g,
0.0,0.0,0.0,0.0,0.0,89.38,Bacteria,unk_k,Verrucomicrobia,unk_c,unk_o,unk_f,,
0.0,0.0,0.0,0.0,0.0,5.53,Bacteria,unk_k,Verrucomicrobia,unk_c,unk_o,unk_f,unk_g,
0.0,0.0,0.0,0.0,0.0,19.659999999999997,Bacteria,unk_k,Verrucomicrobia,unk_c,unk_o,unk_f,unk_g,uncultured Verrucomicrobia bacterium
0.0,5.279999999999999,5.79,0.0,0.0,0.0,Bacteria,unk_k,unk_p,unk_c,unk_o,,,
0.0,1283.21,42.24,0.0,0.0,6.03,Bacteria,unk_k,unk_p,unk_c,unk_o,unk_f,,
0.0,173.3,9.62,0.0,0.0,0.0,Bacteria,unk_k,unk_p,unk_c,unk_o,unk_f,unk_g,
0.0,41.01,25.939999999999998,0.0,0.0,0.0,Bacteria,unk_k,unk_p,unk_c,unk_o,unk_f,unk_g,bacterium
0.0,4.1,0.0,0.0,0.0,0.0,Bacteria,unk_k,unk_p,unk_c,unk_o,unk_f,unk_g,bacterium Ah4
0.0,50.09,0.0,0.0,0.0,0.0,Bacteria,unk_k,unk_p,unk_c,unk_o,unk_f,unk_g,bacterium YTM085720
0.0,8.17,0.0,0.0,0.0,0.0,Bacteria,unk_k,unk_p,unk_c,unk_o,unk_f,unk_g,endophytic bacterium Enf15
0.0,24.06,0.0,0.0,0.0,0.0,Bacteria,unk_k,unk_p,unk_c,unk_o,unk_f,unk_g,marine sediment bacterium ISA-7175
0.0,2.86,0.0,0.0,0.0,0.0,Bacteria,unk_k,unk_p,unk_c,unk_o,unk_f,unk_g,marine sediment bacterium ISA-7190
0.0,35.84,0.0,0.0,0.0,0.0,Bacteria,unk_k,unk_p,unk_c,unk_o,unk_f,unk_g,soil bacterium 9V-03
0.0,73.3,0.0,0.0,0.0,0.0,Bacteria,unk_k,unk_p,unk_c,unk_o,unk_f,unk_g,uncultured Gram-positive bacterium
14.95,0.0,0.0,0.0,0.0,0.0,Eukaryota,Metazoa,Arthropoda,Hexanauplia,Calanoida,Temoridae,,
12.37,0.0,0.0,0.0,0.0,0.0,Eukaryota,Metazoa,Arthropoda,Insecta,Diptera,Glossinidae,,
0.45,0.0,0.0,0.0,0.0,0.0,Eukaryota,Metazoa,Arthropoda,Insecta,Siphonaptera,Ceratophyllidae,,
1.66,0.0,0.0,0.0,0.0,0.0,Eukaryota,Metazoa,Arthropoda,Malacostraca,Decapoda,,,
0.24,0.0,0.0,0.0,0.0,0.0,Eukaryota,Metazoa,Arthropoda,Malacostraca,Decapoda,Parastacidae,,
17.9,0.0,0.0,0.0,0.0,0.0,Eukaryota,Metazoa,Arthropoda,Malacostraca,Decapoda,Penaeidae,,
4.29,0.0,0.0,0.0,0.0,0.0,Eukaryota,Metazoa,Arthropoda,Malacostraca,Decapoda,Portunidae,,
2.8,0.0,0.0,0.0,0.0,0.0,Eukaryota,Metazoa,Arthropoda,,,,,
1.96,0.0,0.0,0.0,0.0,0.0,Eukaryota,Metazoa,Chordata,Actinopteri,Acanthuriformes,Acanthuridae,Acanthurus,Acanthurus japonicus
31.32,0.0,0.0,0.0,0.0,0.0,Eukaryota,Metazoa,Chordata,Actinopteri,Acanthuriformes,Acanthuridae,Acanthurus,
64.89999999999999,0.0,0.0,0.0,0.0,0.0,Eukaryota,Metazoa,Chordata,Actinopteri,Acanthuriformes,Acanthuridae,,
10.0,0.0,0.0,0.0,0.0,0.0,Eukaryota,Metazoa,Chordata,Actinopteri,Acanthuriformes,,,
5.14,0.0,0.0,0.0,0.0,0.0,Eukaryota,Metazoa,Chordata,Actinopteri,Albuliformes,Albulidae,,
3.37,0.0,0.0,0.0,0.0,0.0,Eukaryota,Metazoa,Chordata,Actinopteri,Anabantiformes,Anabantidae,,
11.61,0.0,0.0,0.0,0.0,0.0,Eukaryota,Metazoa,Chordata,Actinopteri,Anabantiformes,Channidae,Channa,
25.07,0.0,0.0,0.0,0.0,0.0,Eukaryota,Metazoa,Chordata,Actinopteri,Anabantiformes,Osphronemidae,,
96.69,0.0,0.0,0.0,0.0,0.0,Eukaryota,Metazoa,Chordata,Actinopteri,Beloniformes,Adrianichthyidae,Oryzias,
23.95,0.0,0.0,0.0,0.0,0.0,Eukaryota,Metazoa,Chordata,Actinopteri,Beloniformes,Belonidae,Strongylura,Strongylura notata
21.18,0.0,0.0,0.0,0.0,0.0,Eukaryota,Metazoa,Chordata,Actinopteri,Beloniformes,Hemiramphidae,,
1.96,0.0,0.0,0.0,0.0,0.0,Eukaryota,Metazoa,Chordata,Actinopteri,Beloniformes,,,
35.78,0.0,0.0,0.0,0.0,0.0,Eukaryota,Metazoa,Chordata,Actinopteri,Blenniiformes,Blenniidae,Parablennius,
344.14,0.0,0.0,0.0,0.0,0.0,Eukaryota,Metazoa,Chordata,Actinopteri,Blenniiformes,Gobiesocidae,,
13.51,0.0,0.0,0.0,0.0,0.0,Eukaryota,Metazoa,Chordata,Actinopteri,Carangiformes,Carangidae,,
1.2,0.0,0.0,0.0,0.0,0.0,Eukaryota,Metazoa,Chordata,Actinopteri,Carangiformes,,,
47.51,0.0,0.0,0.0,0.0,0.0,Eukaryota,Metazoa,Chordata,Actinopteri,Centrarchiformes,Elassomatidae,,
0.89,0.0,0.0,0.0,0.0,0.0,Eukaryota,Metazoa,Chordata,Actinopteri,Centrarchiformes,Oplegnathidae,,
230.24,0.0,0.0,0.0,0.0,0.0,Eukaryota,Metazoa,Chordata,Actinopteri,Chaetodontiformes,Chaetodontidae,,
81.11,0.0,0.0,0.0,0.0,0.0,Eukaryota,Metazoa,Chordata,Actinopteri,Characiformes,Characidae,,
1.15,0.0,0.0,0.0,0.0,0.0,Eukaryota,Metazoa,Chordata,Actinopteri,Cichliformes,Cichlidae,Aulonocara,
17.55,0.0,0.0,0.0,0.0,0.0,Eukaryota,Metazoa,Chordata,Actinopteri,Cichliformes,Cichlidae,Bathybates,
4.91,0.0,0.0,0.0,0.0,0.0,Eukaryota,Metazoa,Chordata,Actinopteri,Cichliformes,Cichlidae,Cheilochromis,
5.25,0.0,0.0,0.0,0.0,0.0,Eukaryota,Metazoa,Chordata,Actinopteri,Cichliformes,Cichlidae,Chindongo,Chindongo flavus
3.6,0.0,0.0,0.0,0.0,0.0,Eukaryota,Metazoa,Chordata,Actinopteri,Cichliformes,Cichlidae,Cyprichromis,
8.74,0.0,0.0,0.0,0.0,0.0,Eukaryota,Metazoa,Chordata,Actinopteri,Cichliformes,Cichlidae,Ectodus,
4.33,0.0,0.0,0.0,0.0,0.0,Eukaryota,Metazoa,Chordata,Actinopteri,Cichliformes,Cichlidae,Eretmodus,
2.27,0.0,0.0,0.0,0.0,0.0,Eukaryota,Metazoa,Chordata,Actinopteri,Cichliformes,Cichlidae,Fossorochromis,Fossorochromis rostratus
3.72,0.0,0.0,0.0,0.0,0.0,Eukaryota,Metazoa,Chordata,Actinopteri,Cichliformes,Cichlidae,Julidochromis,
4.57,0.0,0.0,0.0,0.0,0.0,Eukaryota,Metazoa,Chordata,Actinopteri,Cichliformes,Cichlidae,Labeotropheus,
4.61,0.0,0.0,0.0,0.0,0.0,Eukaryota,Metazoa,Chordata,Actinopteri,Cichliformes,Cichlidae,Lamprologus,
8.24,0.0,0.0,0.0,0.0,0.0,Eukaryota,Metazoa,Chordata,Actinopteri,Cichliformes,Cichlidae,Melanochromis,
939.47,0.0,0.0,0.0,0.0,0.0,Eukaryota,Metazoa,Chordata,Actinopteri,Cichliformes,Cichlidae,,
103.79,0.0,0.0,0.0,0.0,0.0,Eukaryota,Metazoa,Chordata,Actinopteri,Cichliformes,Cichlidae,Neolamprologus,
3.83,0.0,0.0,0.0,0.0,0.0,Eukaryota,Metazoa,Chordata,Actinopteri,Cichliformes,Cichlidae,Neolamprologus,Neolamprologus modestus
3.62,0.0,0.0,0.0,0.0,0.0,Eukaryota,Metazoa,Chordata,Actinopteri,Cichliformes,Cichlidae,Neolamprologus,Neolamprologus olivaceous
5.05,0.0,0.0,0.0,0.0,0.0,Eukaryota,Metazoa,Chordata,Actinopteri,Cichliformes,Cichlidae,Oreochromis,
3.57,0.0,0.0,0.0,0.0,0.0,Eukaryota,Metazoa,Chordata,Actinopteri,Cichliformes,Cichlidae,Oreochromis,Oreochromis niloticus
11.39,0.0,0.0,0.0,0.0,0.0,Eukaryota,Metazoa,Chordata,Actinopteri,Cichliformes,Cichlidae,Otopharynx,
3.89,0.0,0.0,0.0,0.0,0.0,Eukaryota,Metazoa,Chordata,Actinopteri,Cichliformes,Cichlidae,Placidochromis,Placidochromis electra
7.93,0.0,0.0,0.0,0.0,0.0,Eukaryota,Metazoa,Chordata,Actinopteri,Cichliformes,Cichlidae,Pseudosimochromis,
2.1,0.0,0.0,0.0,0.0,0.0,Eukaryota,Metazoa,Chordata,Actinopteri,Cichliformes,Cichlidae,Pseudotropheus,
2.38,0.0,0.0,0.0,0.0,0.0,Eukaryota,Metazoa,Chordata,Actinopteri,Cichliformes,Cichlidae,Telmatochromis,Telmatochromis dhonti
1.94,0.0,0.0,0.0,0.0,0.0,Eukaryota,Metazoa,Chordata,Actinopteri,Cichliformes,Cichlidae,Trematochromis,
49.44,0.0,0.0,0.0,0.0,0.0,Eukaryota,Metazoa,Chordata,Actinopteri,Cichliformes,,,
73.46,0.0,0.0,0.0,0.0,0.0,Eukaryota,Metazoa,Chordata,Actinopteri,Cypriniformes,Cobitidae,,
1.1,0.0,0.0,0.0,0.0,0.0,Eukaryota,Metazoa,Chordata,Actinopteri,Cypriniformes,Cyprinidae,Cyprinus,Cyprinus carpio
8.18,0.0,0.0,0.0,0.0,0.0,Eukaryota,Metazoa,Chordata,Actinopteri,Cypriniformes,Cyprinidae,,
3.87,0.0,0.0,0.0,0.0,0.0,Eukaryota,Metazoa,Chordata,Actinopteri,Cypriniformes,Danionidae,,
19.85,0.0,0.0,0.0,0.0,0.0,Eukaryota,Metazoa,Chordata,Actinopteri,Cypriniformes,,,
25.09,0.0,0.0,0.0,0.0,0.0,Eukaryota,Metazoa,Chordata,Actinopteri,Cypriniformes,Tincidae,Tinca,
1.61,0.0,0.0,0.0,0.0,0.0,Eukaryota,Metazoa,Chordata,Actinopteri,Cypriniformes,Xenocyprididae,,
49.44,0.0,0.0,0.0,0.0,0.0,Eukaryota,Metazoa,Chordata,Actinopteri,Cyprinodontiformes,Cyprinodontidae,,
9.11,0.0,0.0,0.0,0.0,0.0,Eukaryota,Metazoa,Chordata,Actinopteri,Cyprinodontiformes,Fundulidae,Fundulus,
272.69,0.0,0.0,0.0,0.0,0.0,Eukaryota,Metazoa,Chordata,Actinopteri,Cyprinodontiformes,Fundulidae,,
4091.69,0.0,0.0,0.0,0.0,0.0,Eukaryota,Metazoa,Chordata,Actinopteri,Cyprinodontiformes,,,
230.89000000000001,0.0,0.0,0.0,0.0,0.0,Eukaryota,Metazoa,Chordata,Actinopteri,Cyprinodontiformes,Poeciliidae,Gambusia,
4.93,0.0,0.0,0.0,0.0,0.0,Eukaryota,Metazoa,Chordata,Actinopteri,Cyprinodontiformes,Poeciliidae,Limia,
2394.2,0.0,0.0,0.0,0.0,0.0,Eukaryota,Metazoa,Chordata,Actinopteri,Cyprinodontiformes,Poeciliidae,Micropoecilia,Micropoecilia picta
252004.99,0.0,0.0,0.0,0.0,0.0,Eukaryota,Metazoa,Chordata,Actinopteri,Cyprinodontiformes,Poeciliidae,,
3212.47,0.0,0.0,0.0,0.0,0.0,Eukaryota,Metazoa,Chordata,Actinopteri,Cyprinodontiformes,Poeciliidae,Phallichthys,
634.33,0.0,0.0,0.0,0.0,0.0,Eukaryota,Metazoa,Chordata,Actinopteri,Cyprinodontiformes,Poeciliidae,Phalloceros,
46550.17,0.0,0.0,0.0,0.0,0.0,Eukaryota,Metazoa,Chordata,Actinopteri,Cyprinodontiformes,Poeciliidae,Poecilia,
6.82,0.0,0.0,0.0,0.0,0.0,Eukaryota,Metazoa,Chordata,Actinopteri,Cyprinodontiformes,Poeciliidae,Poecilia,Poecilia caucana
3015.4700000000003,0.0,0.0,0.0,0.0,0.0,Eukaryota,Metazoa,Chordata,Actinopteri,Cyprinodontiformes,Poeciliidae,Poecilia,Poecilia formosa
350.05,0.0,0.0,0.0,0.0,0.0,Eukaryota,Metazoa,Chordata,Actinopteri,Cyprinodontiformes,Poeciliidae,Poecilia,Poecilia latipinna
5585.14,0.0,0.0,0.0,0.0,0.0,Eukaryota,Metazoa,Chordata,Actinopteri,Cyprinodontiformes,Poeciliidae,Poecilia,Poecilia mexicana
2.03,0.0,0.0,0.0,0.0,0.0,Eukaryota,Metazoa,Chordata,Actinopteri,Cyprinodontiformes,Poeciliidae,Poecilia,Poecilia parae
303.46,0.0,0.0,0.0,0.0,0.0,Eukaryota,Metazoa,Chordata,Actinopteri,Cyprinodontiformes,Poeciliidae,Poecilia,Poecilia reticulata
2.9,0.0,0.0,0.0,0.0,0.0,Eukaryota,Metazoa,Chordata,Actinopteri,Cyprinodontiformes,Poeciliidae,Poecilia,Poecilia vivipara
40.58,0.0,0.0,0.0,0.0,0.0,Eukaryota,Metazoa,Chordata,Actinopteri,Cyprinodontiformes,Poeciliidae,Poeciliopsis,
6.6,0.0,0.0,0.0,0.0,0.0,Eukaryota,Metazoa,Chordata,Actinopteri,Cyprinodontiformes,Poeciliidae,Priapella,
1210.78,0.0,0.0,0.0,0.0,0.0,Eukaryota,Metazoa,Chordata,Actinopteri,Cyprinodontiformes,Poeciliidae,Pseudoxiphophorus,
3786.84,0.0,0.0,0.0,0.0,0.0,Eukaryota,Metazoa,Chordata,Actinopteri,Cyprinodontiformes,Poeciliidae,Xiphophorus,
21.79,0.0,0.0,0.0,0.0,0.0,Eukaryota,Metazoa,Chordata,Actinopteri,Cyprinodontiformes,Poeciliidae,Xiphophorus,Xiphophorus couchianus
122.43,0.0,0.0,0.0,0.0,0.0,Eukaryota,Metazoa,Chordata,Actinopteri,Cyprinodontiformes,Poeciliidae,Xiphophorus,Xiphophorus hellerii
65.96,0.0,0.0,0.0,0.0,0.0,Eukaryota,Metazoa,Chordata,Actinopteri,Cyprinodontiformes,Poeciliidae,Xiphophorus,Xiphophorus maculatus
140.22,0.0,0.0,0.0,0.0,0.0,Eukaryota,Metazoa,Chordata,Actinopteri,Cyprinodontiformes,Rivulidae,Austrofundulus,
188.85000000000002,0.0,0.0,0.0,0.0,0.0,Eukaryota,Metazoa,Chordata,Actinopteri,Cyprinodontiformes,Rivulidae,Kryptolebias,Kryptolebias marmoratus
770.11,0.0,0.0,0.0,0.0,0.0,Eukaryota,Metazoa,Chordata,Actinopteri,Cyprinodontiformes,Rivulidae,Kryptolebias,
30089.12,0.0,0.0,0.0,0.0,0.0,Eukaryota,Metazoa,Chordata,Actinopteri,Cyprinodontiformes,Rivulidae,,
7.05,0.0,0.0,0.0,0.0,0.0,Eukaryota,Metazoa,Chordata,Actinopteri,Gadiformes,Gadidae,,
338.33000000000004,0.0,0.0,0.0,0.0,0.0,Eukaryota,Metazoa,Chordata,Actinopteri,Galaxiiformes,Galaxiidae,,
2.88,0.0,0.0,0.0,0.0,0.0,Eukaryota,Metazoa,Chordata,Actinopteri,Gobiiformes,Gobiidae,,
0.35,0.0,0.0,0.0,0.0,0.0,Eukaryota,Metazoa,Chordata,Actinopteri,Istiophoriformes,Xiphiidae,,
6.96,0.0,0.0,0.0,0.0,0.0,Eukaryota,Metazoa,Chordata,Actinopteri,Labriformes,Labridae,,
19.79,0.0,0.0,0.0,0.0,0.0,Eukaryota,Metazoa,Chordata,Actinopteri,Lampriformes,Lampridae,,
40.37,0.0,0.0,0.0,0.0,0.0,Eukaryota,Metazoa,Chordata,Actinopteri,Lepidogalaxiiformes,unk_f,,
11.309999999999999,0.0,0.0,0.0,0.0,0.0,Eukaryota,Metazoa,Chordata,Actinopteri,Lophiiformes,Antennariidae,,
6.32,0.0,0.0,0.0,0.0,0.0,Eukaryota,Metazoa,Chordata,Actinopteri,Mugiliformes,,,
3.48,0.0,0.0,0.0,0.0,0.0,Eukaryota,Metazoa,Chordata,Actinopteri,Myctophiformes,Myctophidae,Diaphus,
16.869999999999997,0.0,0.0,0.0,0.0,0.0,Eukaryota,Metazoa,Chordata,Actinopteri,Myctophiformes,Myctophidae,,
9.75,0.0,0.0,0.0,0.0,0.0,Eukaryota,Metazoa,Chordata,Actinopteri,,,,
16.92,0.0,0.0,0.0,0.0,0.0,Eukaryota,Metazoa,Chordata,Actinopteri,Ophidiiformes,Ophidiidae,,
101.89,0.0,0.0,0.0,0.0,0.0,Eukaryota,Metazoa,Chordata,Actinopteri,Ophidiiformes,Ophidiidae,Onuxodon,
68.11,0.0,0.0,0.0,0.0,0.0,Eukaryota,Metazoa,Chordata,Actinopteri,Osteoglossiformes,Osteoglossidae,,
39.91,0.0,0.0,0.0,0.0,0.0,Eukaryota,Metazoa,Chordata,Actinopteri,Perciformes,Agonidae,,
4.35,0.0,0.0,0.0,0.0,0.0,Eukaryota,Metazoa,Chordata,Actinopteri,Perciformes,Cottidae,,
89.8,0.0,0.0,0.0,0.0,0.0,Eukaryota,Metazoa,Chordata,Actinopteri,Perciformes,Scorpaenidae,,
16.23,0.0,0.0,0.0,0.0,0.0,Eukaryota,Metazoa,Chordata,Actinopteri,Perciformes,Scorpaenidae,Taenianotus,
11.26,0.0,0.0,0.0,0.0,0.0,Eukaryota,Metazoa,Chordata,Actinopteri,Perciformes,Sebastidae,,
12.84,0.0,0.0,0.0,0.0,0.0,Eukaryota,Metazoa,Chordata,Actinopteri,Perciformes,Tetrarogidae,,
23.970000000000002,0.0,0.0,0.0,0.0,0.0,Eukaryota,Metazoa,Chordata,Actinopteri,Pleuronectiformes,Bothidae,,
27.59,0.0,0.0,0.0,0.0,0.0,Eukaryota,Metazoa,Chordata,Actinopteri,Pleuronectiformes,Cynoglossidae,,
2.46,0.0,0.0,0.0,0.0,0.0,Eukaryota,Metazoa,Chordata,Actinopteri,Pleuronectiformes,Paralichthyidae,,
15.92,0.0,0.0,0.0,0.0,0.0,Eukaryota,Metazoa,Chordata,Actinopteri,Pleuronectiformes,Samaridae,Plagiopsetta,
5.37,0.0,0.0,0.0,0.0,0.0,Eukaryota,Metazoa,Chordata,Actinopteri,Pleuronectiformes,Samaridae,Samaris,
12.4,0.0,0.0,0.0,0.0,0.0,Eukaryota,Metazoa,Chordata,Actinopteri,Pleuronectiformes,Samaridae,Samariscus,
1.99,0.0,0.0,0.0,0.0,0.0,Eukaryota,Metazoa,Chordata,Actinopteri,Pleuronectiformes,Scophthalmidae,,
9.92,0.0,0.0,0.0,0.0,0.0,Eukaryota,Metazoa,Chordata,Actinopteri,Polymixiiformes,Polymixiidae,,
14.41,0.0,0.0,0.0,0.0,0.0,Eukaryota,Metazoa,Chordata,Actinopteri,Salmoniformes,Salmonidae,,
16.45,0.0,0.0,0.0,0.0,0.0,Eukaryota,Metazoa,Chordata,Actinopteri,Siluriformes,Bagridae,,
47.05,0.0,0.0,0.0,0.0,0.0,Eukaryota,Metazoa,Chordata,Actinopteri,Siluriformes,Pimelodidae,Pseudoplatystoma,
0.51,0.0,0.0,0.0,0.0,0.0,Eukaryota,Metazoa,Chordata,Actinopteri,Spariformes,Sparidae,Acanthopagrus,
36.199999999999996,0.0,0.0,0.0,0.0,0.0,Eukaryota,Metazoa,Chordata,Actinopteri,Synbranchiformes,Synbranchidae,,
691.51,0.0,0.0,0.0,0.0,0.0,Eukaryota,Metazoa,Chordata,Actinopteri,Syngnathiformes,Syngnathidae,Halicampus,
57.349999999999994,0.0,0.0,0.0,0.0,0.0,Eukaryota,Metazoa,Chordata,Actinopteri,Syngnathiformes,Syngnathidae,,
34.19,0.0,0.0,0.0,0.0,0.0,Eukaryota,Metazoa,Chordata,Actinopteri,Tetraodontiformes,Tetraodontidae,,
29.450000000000003,0.0,0.0,0.0,0.0,0.0,Eukaryota,Metazoa,Chordata,Actinopteri,Tetraodontiformes,Tetraodontidae,Takifugu,
17.18,0.0,0.0,0.0,0.0,0.0,Eukaryota,Metazoa,Chordata,Actinopteri,Tetraodontiformes,Tetraodontidae,Takifugu,Takifugu rubripes
0.69,0.0,0.0,0.0,0.0,0.0,Eukaryota,Metazoa,Chordata,Actinopteri,Uranoscopiformes,Ammodytidae,,
6.88,0.0,0.0,0.0,0.0,0.0,Eukaryota,Metazoa,Chordata,Actinopteri,Zeiformes,Zenionidae,Zenion,
8.58,0.0,0.0,0.0,0.0,0.0,Eukaryota,Metazoa,Chordata,Actinopteri,unk_o,Ambassidae,Parambassis,Parambassis ranga
6.48,0.0,0.0,0.0,0.0,0.0,Eukaryota,Metazoa,Chordata,Actinopteri,unk_o,Centropomidae,,
33.5,0.0,0.0,0.0,0.0,0.0,Eukaryota,Metazoa,Chordata,Actinopteri,unk_o,Pomacentridae,,
2.16,0.0,0.0,0.0,0.0,0.0,Eukaryota,Metazoa,Chordata,Actinopteri,unk_o,Sciaenidae,Larimichthys,
21.25,0.0,0.0,0.0,0.0,0.0,Eukaryota,Metazoa,Chordata,Actinopteri,unk_o,Sciaenidae,,
28.26,0.0,0.0,0.0,0.0,0.0,Eukaryota,Metazoa,Chordata,Amphibia,Anura,Dendrobatidae,,
96.12,0.0,0.0,0.0,0.0,0.0,Eukaryota,Metazoa,Chordata,Amphibia,Anura,Microhylidae,,
142.29,0.0,0.0,0.0,0.0,0.0,Eukaryota,Metazoa,Chordata,Amphibia,Anura,Ranidae,Lithobates,
12.48,0.0,0.0,0.0,0.0,0.0,Eukaryota,Metazoa,Chordata,Amphibia,Anura,Rhacophoridae,,
7.29,0.0,0.0,0.0,0.0,0.0,Eukaryota,Metazoa,Chordata,Aves,Apodiformes,Apodidae,,
3.44,0.0,0.0,0.0,0.0,0.0,Eukaryota,Metazoa,Chordata,Aves,Galliformes,,,
1.08,0.0,0.0,0.0,0.0,0.0,Eukaryota,Metazoa,Chordata,Aves,Passeriformes,Fringillidae,,
3.7,0.0,0.0,0.0,0.0,0.0,Eukaryota,Metazoa,Chordata,Aves,Passeriformes,,,
11.73,0.0,0.0,0.0,0.0,0.0,Eukaryota,Metazoa,Chordata,Aves,Passeriformes,Paridae,,
0.86,0.0,0.0,0.0,0.0,0.0,Eukaryota,Metazoa,Chordata,Chondrichthyes,Chimaeriformes,,,
101.41,0.0,0.0,0.0,0.0,0.0,Eukaryota,Metazoa,Chordata,Cladistia,Polypteriformes,Polypteridae,Erpetoichthys,
1005.06,0.0,0.0,0.0,0.0,0.0,Eukaryota,Metazoa,Chordata,Cladistia,Polypteriformes,Polypteridae,,
1.68,0.0,0.0,0.0,0.0,0.0,Eukaryota,Metazoa,Chordata,Lepidosauria,Squamata,Elapidae,Micrurus,Micrurus fulvius
15.9,0.0,0.0,0.0,0.0,0.0,Eukaryota,Metazoa,Chordata,Mammalia,Artiodactyla,Bovidae,,
0.0,0.0,0.0,1.83,0.0,0.0,Eukaryota,Metazoa,Chordata,Mammalia,Artiodactyla,Cervidae,Odocoileus,
25.95,0.0,0.0,0.0,0.0,0.0,Eukaryota,Metazoa,Chordata,Mammalia,Artiodactyla,Suidae,,
2.66,0.0,0.0,0.0,0.0,0.0,Eukaryota,Metazoa,Chordata,Mammalia,Perissodactyla,Equidae,,
2.0,0.0,0.0,0.0,0.0,0.0,Eukaryota,Metazoa,Chordata,Mammalia,Perissodactyla,,,
0.63,0.0,0.0,0.0,0.0,0.0,Eukaryota,Metazoa,Chordata,Mammalia,Primates,Hominidae,,
4.21,0.0,0.0,0.0,0.0,0.0,Eukaryota,Metazoa,Chordata,Mammalia,Primates,Tarsiidae,,
1.96,0.0,0.0,0.0,0.0,0.0,Eukaryota,Metazoa,Chordata,Mammalia,Rodentia,Cricetidae,Cricetulus,Cricetulus griseus
1.8199999999999998,0.0,0.0,0.0,0.0,0.0,Eukaryota,Metazoa,Chordata,Mammalia,Rodentia,Muridae,,
0.94,0.0,0.0,0.0,0.0,0.0,Eukaryota,Metazoa,Chordata,Mammalia,Rodentia,,,
17.81,0.0,0.0,0.0,0.0,0.0,Eukaryota,Metazoa,Chordata,,,,,
0.23,0.0,0.0,0.0,0.0,0.0,Eukaryota,Metazoa,Echinodermata,Echinoidea,Camarodonta,Strongylocentrotidae,,
0.68,0.0,0.0,0.0,0.0,0.0,Eukaryota,Metazoa,Echinodermata,Holothuroidea,Aspidochirotida,,,
0.9,0.0,0.0,0.0,0.0,0.0,Eukaryota,Metazoa,Mollusca,Gastropoda,Aplysiida,,,
0.9,0.0,0.0,0.0,0.0,0.0,Eukaryota,Metazoa,Mollusca,Gastropoda,Lepetellida,Haliotidae,,
8.17,0.0,0.0,0.0,0.0,0.0,Eukaryota,Metazoa,Mollusca,Gastropoda,unk_o,Planorbidae,Biomphalaria,
1.44,0.0,0.0,0.0,0.0,0.0,Eukaryota,Metazoa,Mollusca,Gastropoda,unk_o,Planorbidae,,
14.82,0.0,0.0,0.0,0.0,0.0,Eukaryota,Metazoa,Mollusca,unk_c,unk_o,unk_f,,
1.55,0.0,0.0,0.0,0.0,0.0,Eukaryota,Viridiplantae,Chlorophyta,Chlorophyceae,Chlamydomonadales,,,
1.42,0.0,0.0,0.0,0.0,0.0,Eukaryota,Viridiplantae,Chlorophyta,Chlorophyceae,Sphaeropleales,Selenastraceae,,
0.0,7.07,0.0,0.0,0.0,0.0,Eukaryota,Viridiplantae,Streptophyta,Magnoliopsida,Apiales,Araliaceae,Panax,Panax ginseng
0.95,0.0,0.0,0.0,0.0,0.0,Eukaryota,Viridiplantae,Streptophyta,Magnoliopsida,Malvales,Malvaceae,,
2.37,0.0,0.0,0.0,0.0,0.0,Eukaryota,Viridiplantae,Streptophyta,Magnoliopsida,Poales,Cyperaceae,,
0.0,9.26,0.0,0.0,0.0,0.0,Eukaryota,Viridiplantae,Streptophyta,Magnoliopsida,Poales,Poaceae,unk_g,Triticeae environmental sample
0.0,11.38,0.0,0.0,0.0,0.0,Eukaryota,Viridiplantae,Streptophyta,Magnoliopsida,Solanales,Solanaceae,Solanum,Solanum tuberosum
0.74,0.0,0.0,0.0,0.0,0.0,Eukaryota,unk_k,Apicomplexa,Conoidasida,Eucoccidiorida,Eimeriidae,,
1.47,0.0,0.0,0.0,0.0,0.0,Eukaryota,unk_k,Apicomplexa,Conoidasida,Eucoccidiorida,,,
0.0,0.0,0.0,35.84,8.25,0.0,Eukaryota,unk_k,Euglenozoa,Kinetoplastea,Trypanosomatida,Trypanosomatidae,,
0.0,0.0,0.0,0.0,10.74,0.0,Eukaryota,unk_k,Euglenozoa,Kinetoplastea,Trypanosomatida,Trypanosomatidae,Trypanosoma,
0.0,0.0,0.0,43.66,9.69,0.0,Eukaryota,unk_k,Euglenozoa,Kinetoplastea,Trypanosomatida,Trypanosomatidae,Trypanosoma,Trypanosoma gilletti
0.0,0.0,0.0,51.96,0.0,0.0,Eukaryota,unk_k,Euglenozoa,Kinetoplastea,Trypanosomatida,Trypanosomatidae,Trypanosoma,Trypanosoma sp. TL.SL.5A
0.0,0.0,0.0,0.0,136.22,0.0,Eukaryota,unk_k,Euglenozoa,Kinetoplastea,unk_o,,,
0.0,0.0,0.0,0.52,0.0,0.0,Eukaryota,unk_k,Euglenozoa,Kinetoplastea,unk_o,unk_f,,
5.33,0.0,0.0,0.0,0.0,0.0,Eukaryota,unk_k,unk_p,Choanoflagellata,Craspedida,Salpingoecidae,,
1.0,0.0,0.0,0.0,0.0,0.0,Eukaryota,unk_k,unk_p,Ichthyosporea,Ichthyophonida,,,
17.26,0.0,0.0,0.0,0.0,0.0,Eukaryota,unk_k,unk_p,unk_c,unk_o,Apusomonadidae,,
