SRR7239362_1.fastq.res,SRR7239363_1.fastq.res,Superkingdom,Kingdom,Phylum,Class,Order,Family,Genus,Species
9.29,19.46,Archaea,unk_k,Euryarchaeota,Methanobacteria,Methanobacteriales,,,
0.0,8.0,Archaea,unk_k,Euryarchaeota,Methanomicrobia,Methanosarcinales,Methanosarcinaceae,Methanimicrococcus,
2.74,6.38,Archaea,unk_k,unk_p,unk_c,unk_o,,,
8.0,12.24,Archaea,unk_k,unk_p,unk_c,unk_o,unk_f,,
4.0,0.0,Bacteria,unk_k,Actinobacteria,Actinomycetia,Actinomycetales,Actinomycetaceae,Actinomyces,Actinomyces sp. S385
1294.67,841.58,Bacteria,unk_k,Actinobacteria,Actinomycetia,Actinomycetales,Actinomycetaceae,Actinomyces,Actinomyces succiniciruminis
0.0,10.07,Bacteria,unk_k,Actinobacteria,Actinomycetia,Actinomycetales,Actinomycetaceae,Actinomyces,
0.0,3.59,Bacteria,unk_k,Actinobacteria,Actinomycetia,Actinomycetales,Actinomycetaceae,Bowdeniella,
15.3,49.81,Bacteria,unk_k,Actinobacteria,Actinomycetia,Actinomycetales,Actinomycetaceae,,
0.0,3.19,Bacteria,unk_k,Actinobacteria,Actinomycetia,Actinomycetales,Actinomycetaceae,unk_g,
0.0,5.1,Bacteria,unk_k,Actinobacteria,Actinomycetia,Actinomycetales,,,
2.81,3.92,Bacteria,unk_k,Actinobacteria,Actinomycetia,Actinomycetales,unk_f,unk_g,uncultured Actinomycetales bacterium
3.01,0.0,Bacteria,unk_k,Actinobacteria,Actinomycetia,Corynebacteriales,Corynebacteriaceae,Corynebacterium,Corynebacterium sp. CPh-1
5.78,9.12,Bacteria,unk_k,Actinobacteria,Actinomycetia,Corynebacteriales,Corynebacteriaceae,Corynebacterium,Corynebacterium spheniscorum
0.0,3.56,Bacteria,unk_k,Actinobacteria,Actinomycetia,Corynebacteriales,Corynebacteriaceae,Corynebacterium,
12.68,22.11,Bacteria,unk_k,Actinobacteria,Actinomycetia,Corynebacteriales,Corynebacteriaceae,,
0.0,3.77,Bacteria,unk_k,Actinobacteria,Actinomycetia,Corynebacteriales,Nocardiaceae,,
3.16,0.0,Bacteria,unk_k,Actinobacteria,Actinomycetia,Cryptosporangiales,Cryptosporangiaceae,,
3.31,0.0,Bacteria,unk_k,Actinobacteria,Actinomycetia,Micrococcales,Micrococcaceae,Arthrobacter,Arthrobacter psychrochitiniphilus
25.79,46.74,Bacteria,unk_k,Actinobacteria,Actinomycetia,Micrococcales,Micrococcaceae,Arthrobacter,Arthrobacter sp. JEK-2009
2.42,0.0,Bacteria,unk_k,Actinobacteria,Actinomycetia,Micrococcales,Micrococcaceae,Arthrobacter,uncultured Arthrobacter sp.
0.0,11.17,Bacteria,unk_k,Actinobacteria,Actinomycetia,,,,
2.97,10.09,Bacteria,unk_k,Actinobacteria,Actinomycetia,Streptomycetales,Streptomycetaceae,,
626.36,0.0,Bacteria,unk_k,Actinobacteria,Actinomycetia,unk_o,unk_f,,
0.0,3412.53,Bacteria,unk_k,Actinobacteria,Actinomycetia,unk_o,unk_f,unk_g,
0.0,7.24,Bacteria,unk_k,Bacteroidetes,Bacteroidia,Bacteroidales,Bacteroidaceae,Bacteroides,Bacteroides fragilis
0.0,10.77,Bacteria,unk_k,Bacteroidetes,Bacteroidia,Bacteroidales,Bacteroidaceae,Bacteroides,
8.0,0.0,Bacteria,unk_k,Bacteroidetes,Bacteroidia,Bacteroidales,Bacteroidaceae,,
219.2,210.77,Bacteria,unk_k,Bacteroidetes,Bacteroidia,Bacteroidales,Dysgonomonadaceae,,
18.47,38.8,Bacteria,unk_k,Bacteroidetes,Bacteroidia,Bacteroidales,Dysgonomonadaceae,Petrimonas,
0.0,24.43,Bacteria,unk_k,Bacteroidetes,Bacteroidia,Bacteroidales,Dysgonomonadaceae,Proteiniphilum,uncultured Proteiniphilum sp.
0.0,31.36,Bacteria,unk_k,Bacteroidetes,Bacteroidia,Bacteroidales,,,
4.08,0.0,Bacteria,unk_k,Bacteroidetes,Bacteroidia,Bacteroidales,Paludibacteraceae,,
220.26,68.82,Bacteria,unk_k,Bacteroidetes,Bacteroidia,Bacteroidales,Porphyromonadaceae,,
17.42,28.27,Bacteria,unk_k,Bacteroidetes,Bacteroidia,Bacteroidales,Porphyromonadaceae,unk_g,
0.0,47.13,Bacteria,unk_k,Bacteroidetes,Bacteroidia,Bacteroidales,Porphyromonadaceae,unk_g,uncultured Porphyromonadaceae bacterium
8.84,5.46,Bacteria,unk_k,Bacteroidetes,Bacteroidia,Bacteroidales,Tannerellaceae,,
18.9,13.92,Bacteria,unk_k,Bacteroidetes,Bacteroidia,Bacteroidales,unk_f,,
17.93,7.95,Bacteria,unk_k,Bacteroidetes,Bacteroidia,Bacteroidales,unk_f,unk_g,
3.17,0.0,Bacteria,unk_k,Bacteroidetes,Bacteroidia,unk_o,unk_f,,
5.7,7.07,Bacteria,unk_k,Bacteroidetes,Bacteroidia,unk_o,unk_f,unk_g,
13.15,0.0,Bacteria,unk_k,Bacteroidetes,Flavobacteriia,Flavobacteriales,Flavobacteriaceae,Flavobacterium,Flavobacterium sp.
15.4,0.0,Bacteria,unk_k,Bacteroidetes,Flavobacteriia,Flavobacteriales,Flavobacteriaceae,Flavobacterium,Flavobacterium sp. 01WB02.3-43
13.38,8.04,Bacteria,unk_k,Bacteroidetes,Flavobacteriia,Flavobacteriales,Flavobacteriaceae,Flavobacterium,
0.0,3.57,Bacteria,unk_k,Bacteroidetes,Flavobacteriia,Flavobacteriales,Flavobacteriaceae,,
7.09,4.68,Bacteria,unk_k,Bacteroidetes,Flavobacteriia,Flavobacteriales,Flavobacteriaceae,unk_g,
12.86,0.0,Bacteria,unk_k,Bacteroidetes,Flavobacteriia,Flavobacteriales,Weeksellaceae,Chryseobacterium,Chryseobacterium sp.
0.0,4.19,Bacteria,unk_k,Bacteroidetes,Flavobacteriia,Flavobacteriales,Weeksellaceae,Chryseobacterium,Chryseobacterium sp. W1_1
0.0,5.33,Bacteria,unk_k,Bacteroidetes,Flavobacteriia,Flavobacteriales,Weeksellaceae,Chryseobacterium,
3.53,0.0,Bacteria,unk_k,Bacteroidetes,Flavobacteriia,unk_o,unk_f,unk_g,uncultured Flavobacteriia bacterium
29.37,0.0,Bacteria,unk_k,Bacteroidetes,Sphingobacteriia,Sphingobacteriales,unk_f,,
39.54,12.93,Bacteria,unk_k,Bacteroidetes,unk_c,unk_o,,,
89.71,69.53,Bacteria,unk_k,Bacteroidetes,unk_c,unk_o,unk_f,,
28.38,0.0,Bacteria,unk_k,Bacteroidetes,unk_c,unk_o,unk_f,unk_g,
4.04,4.87,Bacteria,unk_k,Bacteroidetes,unk_c,unk_o,unk_f,unk_g,uncultured Bacteroidetes bacterium
3.52,17.0,Bacteria,unk_k,Candidatus Absconditabacteria,unk_c,unk_o,unk_f,unk_g,
0.0,3.04,Bacteria,unk_k,Candidatus Saccharibacteria,unk_c,unk_o,unk_f,,
0.0,5.05,Bacteria,unk_k,Candidatus Saccharibacteria,unk_c,unk_o,unk_f,unk_g,
4.82,0.0,Bacteria,unk_k,Cyanobacteria,unk_c,Oscillatoriales,Oscillatoriaceae,Oscillatoria,
0.0,5.94,Bacteria,unk_k,Deferribacteres,Deferribacteres,Deferribacterales,Deferribacteraceae,,
158.21,615.88,Bacteria,unk_k,Firmicutes,Bacilli,Bacillales,Bacillaceae,Bacillus,Bacillus amyloliquefaciens
0.0,399.77,Bacteria,unk_k,Firmicutes,Bacilli,Bacillales,Bacillaceae,Bacillus,Bacillus licheniformis
3.05,0.0,Bacteria,unk_k,Firmicutes,Bacilli,Bacillales,Bacillaceae,Bacillus,Bacillus mojavensis
0.0,3.54,Bacteria,unk_k,Firmicutes,Bacilli,Bacillales,Bacillaceae,Bacillus,Bacillus pumilus
252.83,86.34,Bacteria,unk_k,Firmicutes,Bacilli,Bacillales,Bacillaceae,Bacillus,Bacillus sp. (in: Bacteria)
3.2,0.0,Bacteria,unk_k,Firmicutes,Bacilli,Bacillales,Bacillaceae,Bacillus,Bacillus sp. CON39-13
4.01,3.73,Bacteria,unk_k,Firmicutes,Bacilli,Bacillales,Bacillaceae,Bacillus,Bacillus sp. E1R-j
0.0,29.86,Bacteria,unk_k,Firmicutes,Bacilli,Bacillales,Bacillaceae,Bacillus,Bacillus sp. E2B(2011)
0.0,5.85,Bacteria,unk_k,Firmicutes,Bacilli,Bacillales,Bacillaceae,Bacillus,Bacillus sp. JCE 7
2.7,0.0,Bacteria,unk_k,Firmicutes,Bacilli,Bacillales,Bacillaceae,Bacillus,Bacillus sp. QB17
2.26,0.0,Bacteria,unk_k,Firmicutes,Bacilli,Bacillales,Bacillaceae,Bacillus,Bacillus sp. SL003B-19A2
258.28,670.4,Bacteria,unk_k,Firmicutes,Bacilli,Bacillales,Bacillaceae,Bacillus,Bacillus subtilis
17.2,0.0,Bacteria,unk_k,Firmicutes,Bacilli,Bacillales,Bacillaceae,Bacillus,Bacillus tequilensis
17.46,30.06,Bacteria,unk_k,Firmicutes,Bacilli,Bacillales,Bacillaceae,Bacillus,Bacillus vallismortis
0.0,3.51,Bacteria,unk_k,Firmicutes,Bacilli,Bacillales,Bacillaceae,Bacillus,Bacillus velezensis
3.14,0.0,Bacteria,unk_k,Firmicutes,Bacilli,Bacillales,Bacillaceae,Bacillus,
0.0,16.04,Bacteria,unk_k,Firmicutes,Bacilli,Bacillales,Bacillaceae,,
0.0,5.58,Bacteria,unk_k,Firmicutes,Bacilli,Bacillales,,,
8.91,0.0,Bacteria,unk_k,Firmicutes,Bacilli,Bacillales,Sporolactobacillaceae,Sporolactobacillus,Sporolactobacillus putidus
0.0,551.67,Bacteria,unk_k,Firmicutes,Bacilli,Bacillales,Staphylococcaceae,Staphylococcus,
3.39,3.58,Bacteria,unk_k,Firmicutes,Bacilli,Bacillales,Staphylococcaceae,Staphylococcus,Staphylococcus aureus
0.0,15.17,Bacteria,unk_k,Firmicutes,Bacilli,Lactobacillales,Enterococcaceae,Enterococcus,
4.64,7.86,Bacteria,unk_k,Firmicutes,Bacilli,Lactobacillales,Lactobacillaceae,,
0.0,5.27,Bacteria,unk_k,Firmicutes,Clostridia,Eubacteriales,Clostridiaceae,Alkaliphilus,Alkaliphilus metalliredigens
37.72,258.87,Bacteria,unk_k,Firmicutes,Clostridia,Eubacteriales,Clostridiaceae,Clostridium,Clostridium perfringens
0.0,4.78,Bacteria,unk_k,Firmicutes,Clostridia,Eubacteriales,Clostridiaceae,Clostridium,Clostridium sp. T80C1
4.78,0.0,Bacteria,unk_k,Firmicutes,Clostridia,Eubacteriales,Clostridiaceae,Clostridium,Clostridium sp. enrichment culture
101.75,324.03,Bacteria,unk_k,Firmicutes,Clostridia,Eubacteriales,Clostridiaceae,Clostridium,
35.37,409.06,Bacteria,unk_k,Firmicutes,Clostridia,Eubacteriales,Clostridiaceae,Clostridium,uncultured Clostridium sp.
180.41,277.55,Bacteria,unk_k,Firmicutes,Clostridia,Eubacteriales,Clostridiaceae,,
0.0,19.49,Bacteria,unk_k,Firmicutes,Clostridia,Eubacteriales,Clostridiaceae,unk_g,
0.0,7.29,Bacteria,unk_k,Firmicutes,Clostridia,Eubacteriales,Defluviitaleaceae,unk_g,uncultured Defluviitaleaceae bacterium
14.01,2.69,Bacteria,unk_k,Firmicutes,Clostridia,Eubacteriales,Eubacteriaceae,Eubacterium,uncultured Eubacterium sp.
0.0,22.1,Bacteria,unk_k,Firmicutes,Clostridia,Eubacteriales,Lachnospiraceae,,
0.0,4.04,Bacteria,unk_k,Firmicutes,Clostridia,Eubacteriales,Lachnospiraceae,unk_g,uncultured Lachnospiraceae bacterium
17.77,21.99,Bacteria,unk_k,Firmicutes,Clostridia,Eubacteriales,,,
8.33,45.65,Bacteria,unk_k,Firmicutes,Clostridia,Eubacteriales,Oscillospiraceae,,
0.0,4.18,Bacteria,unk_k,Firmicutes,Clostridia,Eubacteriales,Oscillospiraceae,unk_g,
0.0,1.99,Bacteria,unk_k,Firmicutes,Clostridia,Eubacteriales,Peptostreptococcaceae,Clostridioides,Clostridioides difficile
0.0,4.3,Bacteria,unk_k,Firmicutes,Clostridia,Eubacteriales,Peptostreptococcaceae,Clostridioides,
10.44,10.33,Bacteria,unk_k,Firmicutes,Clostridia,Eubacteriales,Peptostreptococcaceae,,
15.14,3.85,Bacteria,unk_k,Firmicutes,Clostridia,Eubacteriales,Peptostreptococcaceae,Paeniclostridium,Paeniclostridium sordellii
17.37,0.0,Bacteria,unk_k,Firmicutes,Clostridia,Eubacteriales,Peptostreptococcaceae,unk_g,uncultured Peptostreptococcaceae bacterium
4.28,0.0,Bacteria,unk_k,Firmicutes,Clostridia,Eubacteriales,unk_f,Fenollaria,
49.31,149.87,Bacteria,unk_k,Firmicutes,Clostridia,Eubacteriales,unk_f,,
50.5,81.03999999999999,Bacteria,unk_k,Firmicutes,Clostridia,Eubacteriales,unk_f,unk_g,
0.0,8.99,Bacteria,unk_k,Firmicutes,Clostridia,unk_o,unk_f,unk_g,
0.0,14.190000000000001,Bacteria,unk_k,Firmicutes,Erysipelotrichia,Erysipelotrichales,Erysipelotrichaceae,,
0.0,6.44,Bacteria,unk_k,Firmicutes,Erysipelotrichia,Erysipelotrichales,,,
0.0,17.61,Bacteria,unk_k,Firmicutes,Tissierellia,Tissierellales,Gottschalkiaceae,,
0.0,2.48,Bacteria,unk_k,Firmicutes,Tissierellia,Tissierellales,Peptoniphilaceae,Finegoldia,uncultured Finegoldia sp.
16.51,22.43,Bacteria,unk_k,Firmicutes,Tissierellia,Tissierellales,Peptoniphilaceae,,
15.84,59.96,Bacteria,unk_k,Firmicutes,Tissierellia,Tissierellales,Tissierellaceae,,
4.38,0.0,Bacteria,unk_k,Firmicutes,Tissierellia,Tissierellales,Tissierellaceae,Tissierella,
0.0,6.93,Bacteria,unk_k,Firmicutes,Tissierellia,unk_o,unk_f,,
15.530000000000001,28.12,Bacteria,unk_k,Firmicutes,unk_c,unk_o,unk_f,,
0.0,7.02,Bacteria,unk_k,Firmicutes,unk_c,unk_o,unk_f,unk_g,
6.62,12.13,Bacteria,unk_k,Fusobacteria,Fusobacteriia,Fusobacteriales,Fusobacteriaceae,Cetobacterium,Cetobacterium somerae
0.0,26.32,Bacteria,unk_k,Fusobacteria,Fusobacteriia,Fusobacteriales,Fusobacteriaceae,Cetobacterium,uncultured Cetobacterium sp.
0.0,15.92,Bacteria,unk_k,Fusobacteria,Fusobacteriia,Fusobacteriales,Fusobacteriaceae,Fusobacterium,Fusobacterium mortiferum
36.370000000000005,22.21,Bacteria,unk_k,Fusobacteria,Fusobacteriia,Fusobacteriales,Fusobacteriaceae,Fusobacterium,
0.0,17.47,Bacteria,unk_k,Fusobacteria,Fusobacteriia,Fusobacteriales,Fusobacteriaceae,Ilyobacter,
8.93,2340.7,Bacteria,unk_k,Fusobacteria,Fusobacteriia,Fusobacteriales,Fusobacteriaceae,,
2.94,0.0,Bacteria,unk_k,Fusobacteria,Fusobacteriia,Fusobacteriales,Fusobacteriaceae,unk_g,
0.0,53.13,Bacteria,unk_k,Fusobacteria,Fusobacteriia,Fusobacteriales,Fusobacteriaceae,unk_g,uncultured Fusobacteriaceae bacterium
11.73,91.74,Bacteria,unk_k,Fusobacteria,Fusobacteriia,Fusobacteriales,Leptotrichiaceae,,
0.0,23.69,Bacteria,unk_k,Fusobacteria,Fusobacteriia,Fusobacteriales,unk_f,,
0.0,17.38,Bacteria,unk_k,Fusobacteria,unk_c,unk_o,unk_f,unk_g,
5.71,5.26,Bacteria,unk_k,Fusobacteria,unk_c,unk_o,unk_f,unk_g,uncultured Fusobacteria bacterium
15.16,0.0,Bacteria,unk_k,Proteobacteria,Alphaproteobacteria,Hyphomicrobiales,Brucellaceae,,
0.0,32.5,Bacteria,unk_k,Proteobacteria,Alphaproteobacteria,Hyphomicrobiales,Brucellaceae,Ochrobactrum,
0.99,0.0,Bacteria,unk_k,Proteobacteria,Alphaproteobacteria,Rickettsiales,,,
0.0,6.86,Bacteria,unk_k,Proteobacteria,Alphaproteobacteria,unk_o,unk_f,,
6.04,0.0,Bacteria,unk_k,Proteobacteria,Betaproteobacteria,Burkholderiales,Alcaligenaceae,Alcaligenes,Alcaligenes sp.
0.0,3.7,Bacteria,unk_k,Proteobacteria,Betaproteobacteria,Burkholderiales,Comamonadaceae,Acidovorax,
21.46,0.0,Bacteria,unk_k,Proteobacteria,Betaproteobacteria,Burkholderiales,Comamonadaceae,,
21.67,51.3,Bacteria,unk_k,Proteobacteria,Betaproteobacteria,Burkholderiales,Comamonadaceae,Polaromonas,
7.2,0.0,Bacteria,unk_k,Proteobacteria,Betaproteobacteria,Burkholderiales,,,
0.0,4.21,Bacteria,unk_k,Proteobacteria,Betaproteobacteria,Neisseriales,Chromobacteriaceae,Chromobacterium,
15.16,4.73,Bacteria,unk_k,Proteobacteria,Betaproteobacteria,Neisseriales,Chromobacteriaceae,,
14.78,29.67,Bacteria,unk_k,Proteobacteria,Betaproteobacteria,Neisseriales,Neisseriaceae,,
3.99,5.74,Bacteria,unk_k,Proteobacteria,Betaproteobacteria,Neisseriales,Neisseriaceae,Neisseria,
0.0,9.88,Bacteria,unk_k,Proteobacteria,Betaproteobacteria,Neisseriales,Neisseriaceae,Neisseria,Neisseria gonorrhoeae
3.64,0.0,Bacteria,unk_k,Proteobacteria,Betaproteobacteria,Rhodocyclales,Zoogloeaceae,Zoogloea,
6.87,0.0,Bacteria,unk_k,Proteobacteria,Deltaproteobacteria,Myxococcales,Nannocystaceae,unk_g,uncultured Nannocystaceae bacterium
0.0,12.83,Bacteria,unk_k,Proteobacteria,Deltaproteobacteria,Syntrophobacterales,,,
0.0,3.01,Bacteria,unk_k,Proteobacteria,Deltaproteobacteria,unk_o,unk_f,,
0.0,21.06,Bacteria,unk_k,Proteobacteria,Epsilonproteobacteria,Campylobacterales,Campylobacteraceae,Campylobacter,Campylobacter concisus
0.0,4.08,Bacteria,unk_k,Proteobacteria,Epsilonproteobacteria,Campylobacterales,Campylobacteraceae,,
0.0,5.3,Bacteria,unk_k,Proteobacteria,Epsilonproteobacteria,Campylobacterales,Helicobacteraceae,Helicobacter,Helicobacter brantae
4.16,18.45,Bacteria,unk_k,Proteobacteria,Epsilonproteobacteria,Campylobacterales,Helicobacteraceae,Helicobacter,Helicobacter pametensis
4.81,0.0,Bacteria,unk_k,Proteobacteria,Epsilonproteobacteria,Campylobacterales,Helicobacteraceae,Helicobacter,
0.0,8.19,Bacteria,unk_k,Proteobacteria,Gammaproteobacteria,Enterobacterales,Enterobacteriaceae,Enterobacter,
178.86,1365.5,Bacteria,unk_k,Proteobacteria,Gammaproteobacteria,Enterobacterales,Enterobacteriaceae,Escherichia,Escherichia coli
13.19,0.0,Bacteria,unk_k,Proteobacteria,Gammaproteobacteria,Enterobacterales,Enterobacteriaceae,Escherichia,
0.0,3.78,Bacteria,unk_k,Proteobacteria,Gammaproteobacteria,Enterobacterales,Enterobacteriaceae,Escherichia,uncultured Escherichia sp.
3.14,74.57,Bacteria,unk_k,Proteobacteria,Gammaproteobacteria,Enterobacterales,Enterobacteriaceae,,
0.0,39.36,Bacteria,unk_k,Proteobacteria,Gammaproteobacteria,Enterobacterales,Enterobacteriaceae,Plesiomonas,Plesiomonas shigelloides
425.72,0.0,Bacteria,unk_k,Proteobacteria,Gammaproteobacteria,Enterobacterales,Enterobacteriaceae,Salmonella,Salmonella enterica
0.0,13.21,Bacteria,unk_k,Proteobacteria,Gammaproteobacteria,Enterobacterales,Enterobacteriaceae,Shigella,
326.38,823.13,Bacteria,unk_k,Proteobacteria,Gammaproteobacteria,Enterobacterales,Enterobacteriaceae,Shigella,Shigella dysenteriae
0.0,4.14,Bacteria,unk_k,Proteobacteria,Gammaproteobacteria,Enterobacterales,Enterobacteriaceae,Shigella,Shigella sp.
15.120000000000001,4.51,Bacteria,unk_k,Proteobacteria,Gammaproteobacteria,Enterobacterales,Enterobacteriaceae,Shigella,uncultured Shigella sp.
7.13,8.25,Bacteria,unk_k,Proteobacteria,Gammaproteobacteria,Enterobacterales,Enterobacteriaceae,unk_g,uncultured Enterobacteriaceae bacterium
0.0,6.58,Bacteria,unk_k,Proteobacteria,Gammaproteobacteria,Enterobacterales,Erwiniaceae,,
0.0,7.55,Bacteria,unk_k,Proteobacteria,Gammaproteobacteria,Enterobacterales,,,
29.03,41.11,Bacteria,unk_k,Proteobacteria,Gammaproteobacteria,Moraxellales,Moraxellaceae,Moraxella,Moraxella catarrhalis
3.24,0.0,Bacteria,unk_k,Proteobacteria,Gammaproteobacteria,Moraxellales,Moraxellaceae,Moraxella,
0.0,30.740000000000002,Bacteria,unk_k,Proteobacteria,Gammaproteobacteria,Moraxellales,Moraxellaceae,,
17.04,137.28,Bacteria,unk_k,Proteobacteria,Gammaproteobacteria,Moraxellales,Moraxellaceae,Psychrobacter,
2.88,0.0,Bacteria,unk_k,Proteobacteria,Gammaproteobacteria,Moraxellales,Moraxellaceae,Psychrobacter,Psychrobacter aquimaris
61.99,202.82,Bacteria,unk_k,Proteobacteria,Gammaproteobacteria,Moraxellales,Moraxellaceae,Psychrobacter,Psychrobacter arcticus
0.0,4.86,Bacteria,unk_k,Proteobacteria,Gammaproteobacteria,Moraxellales,Moraxellaceae,Psychrobacter,Psychrobacter arenosus
0.0,5.79,Bacteria,unk_k,Proteobacteria,Gammaproteobacteria,Moraxellales,Moraxellaceae,Psychrobacter,Psychrobacter cryohalolentis
11.62,0.0,Bacteria,unk_k,Proteobacteria,Gammaproteobacteria,Moraxellales,Moraxellaceae,Psychrobacter,Psychrobacter immobilis
0.0,4.51,Bacteria,unk_k,Proteobacteria,Gammaproteobacteria,Moraxellales,Moraxellaceae,Psychrobacter,Psychrobacter maritimus
0.0,280.76,Bacteria,unk_k,Proteobacteria,Gammaproteobacteria,Moraxellales,Moraxellaceae,Psychrobacter,Psychrobacter meningitidis
5.07,4.8,Bacteria,unk_k,Proteobacteria,Gammaproteobacteria,Moraxellales,Moraxellaceae,Psychrobacter,Psychrobacter namhaensis
0.0,9.99,Bacteria,unk_k,Proteobacteria,Gammaproteobacteria,Moraxellales,Moraxellaceae,Psychrobacter,Psychrobacter phenylpyruvicus
10.02,129.33,Bacteria,unk_k,Proteobacteria,Gammaproteobacteria,Moraxellales,Moraxellaceae,Psychrobacter,Psychrobacter sp.
103.16,0.0,Bacteria,unk_k,Proteobacteria,Gammaproteobacteria,Moraxellales,Moraxellaceae,Psychrobacter,Psychrobacter sp. 2PB1lan
5.06,0.0,Bacteria,unk_k,Proteobacteria,Gammaproteobacteria,Moraxellales,Moraxellaceae,Psychrobacter,Psychrobacter sp. ALBL_191
4.28,5.17,Bacteria,unk_k,Proteobacteria,Gammaproteobacteria,Moraxellales,Moraxellaceae,Psychrobacter,Psychrobacter sp. ALBL_215
0.0,6.41,Bacteria,unk_k,Proteobacteria,Gammaproteobacteria,Moraxellales,Moraxellaceae,Psychrobacter,Psychrobacter sp. DAB_AL49
24.38,83.68,Bacteria,unk_k,Proteobacteria,Gammaproteobacteria,Moraxellales,Moraxellaceae,Psychrobacter,Psychrobacter sp. MV2
0.0,3.05,Bacteria,unk_k,Proteobacteria,Gammaproteobacteria,Moraxellales,Moraxellaceae,Psychrobacter,Psychrobacter sp. Nj-36
4.84,0.0,Bacteria,unk_k,Proteobacteria,Gammaproteobacteria,Moraxellales,Moraxellaceae,Psychrobacter,Psychrobacter sp. Nj-38
0.0,126.11,Bacteria,unk_k,Proteobacteria,Gammaproteobacteria,Moraxellales,Moraxellaceae,Psychrobacter,Psychrobacter sp. Nj-56
3.14,0.0,Bacteria,unk_k,Proteobacteria,Gammaproteobacteria,Moraxellales,Moraxellaceae,Psychrobacter,Psychrobacter sp. PRwf-1
13.15,0.0,Bacteria,unk_k,Proteobacteria,Gammaproteobacteria,Moraxellales,Moraxellaceae,Psychrobacter,Psychrobacter sp. a328
0.0,24.55,Bacteria,unk_k,Proteobacteria,Gammaproteobacteria,Moraxellales,Moraxellaceae,Psychrobacter,Psychrobacter sp. m16
0.0,4.76,Bacteria,unk_k,Proteobacteria,Gammaproteobacteria,Moraxellales,Moraxellaceae,Psychrobacter,Psychrobacter submarinus
18.15,105.66,Bacteria,unk_k,Proteobacteria,Gammaproteobacteria,Moraxellales,Moraxellaceae,Psychrobacter,Psychrobacter urativorans
142.95,0.0,Bacteria,unk_k,Proteobacteria,Gammaproteobacteria,Moraxellales,Moraxellaceae,Psychrobacter,uncultured Psychrobacter sp.
2.37,4.4,Bacteria,unk_k,Proteobacteria,Gammaproteobacteria,Moraxellales,Moraxellaceae,unk_g,
4.0,0.0,Bacteria,unk_k,Proteobacteria,Gammaproteobacteria,Oceanospirillales,Hahellaceae,Hahella,Hahella chejuensis
0.0,1.93,Bacteria,unk_k,Proteobacteria,Gammaproteobacteria,Oceanospirillales,,,
0.0,3.19,Bacteria,unk_k,Proteobacteria,Gammaproteobacteria,Pasteurellales,,,
5.07,3.12,Bacteria,unk_k,Proteobacteria,Gammaproteobacteria,Pasteurellales,Pasteurellaceae,Haemophilus,Haemophilus influenzae
3.77,0.0,Bacteria,unk_k,Proteobacteria,Gammaproteobacteria,Pasteurellales,Pasteurellaceae,Haemophilus,[Haemophilus] ducreyi
7.67,0.0,Bacteria,unk_k,Proteobacteria,Gammaproteobacteria,Pasteurellales,Pasteurellaceae,Histophilus,Histophilus somni
0.0,7.78,Bacteria,unk_k,Proteobacteria,Gammaproteobacteria,Pasteurellales,Pasteurellaceae,Histophilus,
22.73,18.77,Bacteria,unk_k,Proteobacteria,Gammaproteobacteria,Pasteurellales,Pasteurellaceae,,
28.32,57.84,Bacteria,unk_k,Proteobacteria,Gammaproteobacteria,Pseudomonadales,Pseudomonadaceae,Pseudomonas,Pseudomonas aeruginosa
29.27,8.75,Bacteria,unk_k,Proteobacteria,Gammaproteobacteria,Pseudomonadales,Pseudomonadaceae,Pseudomonas,Pseudomonas fluorescens
0.0,16.04,Bacteria,unk_k,Proteobacteria,Gammaproteobacteria,Pseudomonadales,unk_f,unk_g,uncultured Pseudomonadales bacterium
8.72,0.0,Bacteria,unk_k,Proteobacteria,Gammaproteobacteria,Vibrionales,Vibrionaceae,Vibrio,Vibrio parahaemolyticus
3.86,0.0,Bacteria,unk_k,Proteobacteria,Gammaproteobacteria,Xanthomonadales,Xanthomonadaceae,Xanthomonas,Xanthomonas sp. AK(2010)
31.19,111.81,Bacteria,unk_k,Proteobacteria,Gammaproteobacteria,unk_o,unk_f,unk_g,
231.23,7.05,Bacteria,unk_k,Proteobacteria,Gammaproteobacteria,unk_o,unk_f,unk_g,uncultured Gammaproteobacteria bacterium
7.46,0.0,Bacteria,unk_k,Proteobacteria,Gammaproteobacteria,unk_o,unk_f,unk_g,unidentified eubacterium clone ESH21b-4
0.0,2.77,Bacteria,unk_k,Proteobacteria,unk_c,unk_o,unk_f,,
0.0,5.81,Bacteria,unk_k,Spirochaetes,unk_c,unk_o,unk_f,,
58.99,39.51,Bacteria,unk_k,Synergistetes,Synergistia,Synergistales,Synergistaceae,,
10.31,11.84,Bacteria,unk_k,unk_p,unk_c,unk_o,unk_f,,
2.94,3.71,Bacteria,unk_k,unk_p,unk_c,unk_o,unk_f,unk_g,Adelie penguin guano bacterium 26
0.0,1.8,Bacteria,unk_k,unk_p,unk_c,unk_o,unk_f,unk_g,
3.62,0.0,Bacteria,unk_k,unk_p,unk_c,unk_o,unk_f,unk_g,anaerobic bacterium A130
0.0,2.66,Bacteria,unk_k,unk_p,unk_c,unk_o,unk_f,unk_g,anaerobic bacterium S22
0.0,165.04,Bacteria,unk_k,unk_p,unk_c,unk_o,unk_f,unk_g,bacterium C-68
0.0,6.67,Bacteria,unk_k,unk_p,unk_c,unk_o,unk_f,unk_g,bacterium M4W
5.13,0.0,Eukaryota,Fungi,Ascomycota,Saccharomycetes,Saccharomycetales,Dipodascaceae,Yarrowia,Yarrowia lipolytica
12.87,14.9,Eukaryota,Fungi,Ascomycota,Saccharomycetes,Saccharomycetales,Metschnikowiaceae,Metschnikowia,Metschnikowia pulcherrima
3.13,0.0,Eukaryota,Fungi,Ascomycota,Sordariomycetes,Hypocreales,Sarocladiaceae,,
9.34,15.89,Eukaryota,Fungi,Basidiomycota,Tremellomycetes,Cystofilobasidiales,Cystofilobasidiaceae,Cystofilobasidium,Cystofilobasidium macerans
0.0,3.98,Eukaryota,Fungi,unk_p,unk_c,unk_o,unk_f,,
0.0,2.09,Eukaryota,Fungi,unk_p,unk_c,unk_o,unk_f,unk_g,uncultured fungus
0.0,3.12,Eukaryota,Metazoa,Arthropoda,Arachnida,Araneae,,,
0.0,51.91,Eukaryota,Metazoa,Arthropoda,Arachnida,Ixodida,,,
0.0,5.67,Eukaryota,Metazoa,Arthropoda,Arachnida,Trombidiformes,Eriophyidae,Tegolophus,Tegolophus celtis
0.0,3.85,Eukaryota,Metazoa,Arthropoda,Insecta,Coleoptera,Scarabaeidae,Epirinus,Epirinus aquilus
0.0,150.91,Eukaryota,Metazoa,Arthropoda,Insecta,Coleoptera,Staphylinidae,Stenus,Stenus intermedius
0.0,11.11,Eukaryota,Metazoa,Arthropoda,Insecta,Hemiptera,Cicadellidae,Processina,Processina dashahensis
0.0,1.32,Eukaryota,Metazoa,Arthropoda,Insecta,Lepidoptera,Lycaenidae,,
806.12,7560.06,Eukaryota,Metazoa,Arthropoda,Insecta,Orthoptera,Gryllidae,Gryllus,Gryllus bimaculatus
64.78,53.6,Eukaryota,Metazoa,Arthropoda,Insecta,Orthoptera,Gryllidae,Gryllus,
97.56,143.88,Eukaryota,Metazoa,Arthropoda,Insecta,Orthoptera,Gryllidae,,
3.73,0.0,Eukaryota,Metazoa,Arthropoda,Insecta,Orthoptera,,,
0.0,2.94,Eukaryota,Metazoa,Chordata,Actinopteri,Chaetodontiformes,Leiognathidae,,
0.0,0.47,Eukaryota,Metazoa,Chordata,Actinopteri,Cypriniformes,,,
8.33,10.41,Eukaryota,Metazoa,Chordata,Actinopteri,Gadiformes,Gadidae,,
96.63,218.45,Eukaryota,Metazoa,Chordata,Actinopteri,Myctophiformes,Myctophidae,,
0.0,7.96,Eukaryota,Metazoa,Chordata,Actinopteri,Pleuronectiformes,,,
84.25,9.03,Eukaryota,Metazoa,Chordata,Actinopteri,Salmoniformes,Salmonidae,,
2.44,4.86,Eukaryota,Metazoa,Chordata,Actinopteri,Salmoniformes,Salmonidae,Thymallus,
0.0,2.42,Eukaryota,Metazoa,Chordata,Actinopteri,Spariformes,Sparidae,Lithognathus,
34.88,40.62,Eukaryota,Metazoa,Chordata,Amphibia,Anura,Pipidae,,
0.0,18.61,Eukaryota,Metazoa,Chordata,Aves,Accipitriformes,Accipitridae,Accipiter,Accipiter gentilis
15.34,0.0,Eukaryota,Metazoa,Chordata,Aves,Accipitriformes,Accipitridae,Accipiter,
0.0,11.85,Eukaryota,Metazoa,Chordata,Aves,Accipitriformes,Accipitridae,Aegypius,Aegypius monachus
379.91,303.47,Eukaryota,Metazoa,Chordata,Aves,Accipitriformes,Accipitridae,Aquila,Aquila chrysaetos
4112.4,3263.41,Eukaryota,Metazoa,Chordata,Aves,Accipitriformes,Accipitridae,Aquila,
4.26,5.38,Eukaryota,Metazoa,Chordata,Aves,Accipitriformes,Accipitridae,Buteo,
13.969999999999999,1.99,Eukaryota,Metazoa,Chordata,Aves,Accipitriformes,Accipitridae,Gampsonyx,Gampsonyx swainsonii
10.3,2.42,Eukaryota,Metazoa,Chordata,Aves,Accipitriformes,Accipitridae,Gampsonyx,
341.2,1192.25,Eukaryota,Metazoa,Chordata,Aves,Accipitriformes,Accipitridae,Haliaeetus,Haliaeetus albicilla
941.67,860.5600000000001,Eukaryota,Metazoa,Chordata,Aves,Accipitriformes,Accipitridae,Haliaeetus,Haliaeetus leucocephalus
2442.22,1960.5,Eukaryota,Metazoa,Chordata,Aves,Accipitriformes,Accipitridae,Haliaeetus,
11785.7,11701.38,Eukaryota,Metazoa,Chordata,Aves,Accipitriformes,Accipitridae,,
26.74,14.309999999999999,Eukaryota,Metazoa,Chordata,Aves,Accipitriformes,Cathartidae,Cathartes,Cathartes aura
15.43,4.4,Eukaryota,Metazoa,Chordata,Aves,Accipitriformes,Cathartidae,Cathartes,
29.89,31.28,Eukaryota,Metazoa,Chordata,Aves,Accipitriformes,Cathartidae,Coragyps,
9.21,5.09,Eukaryota,Metazoa,Chordata,Aves,Accipitriformes,Cathartidae,Gymnogyps,Gymnogyps californianus
0.0,2.84,Eukaryota,Metazoa,Chordata,Aves,Accipitriformes,Cathartidae,Gymnogyps,
340.5,260.76,Eukaryota,Metazoa,Chordata,Aves,Accipitriformes,Cathartidae,,
163.42000000000002,100.43,Eukaryota,Metazoa,Chordata,Aves,Accipitriformes,,,
10.36,0.0,Eukaryota,Metazoa,Chordata,Aves,Accipitriformes,Pandionidae,,
0.0,6.63,Eukaryota,Metazoa,Chordata,Aves,Accipitriformes,Pandionidae,Pandion,
232.12,202.03,Eukaryota,Metazoa,Chordata,Aves,Anseriformes,Anatidae,Anas,Anas platyrhynchos
3092.05,58.17,Eukaryota,Metazoa,Chordata,Aves,Anseriformes,Anatidae,Anas,
7.73,15.22,Eukaryota,Metazoa,Chordata,Aves,Anseriformes,Anatidae,Anser,Anser anser
27.71,6.07,Eukaryota,Metazoa,Chordata,Aves,Anseriformes,Anatidae,Anser,Anser erythropus
24.81,11.08,Eukaryota,Metazoa,Chordata,Aves,Anseriformes,Anatidae,Anser,
592.3,2732.3,Eukaryota,Metazoa,Chordata,Aves,Anseriformes,Anatidae,,
33.43,37.51,Eukaryota,Metazoa,Chordata,Aves,Anseriformes,,,
63.37,31.28,Eukaryota,Metazoa,Chordata,Aves,Apodiformes,Apodidae,Chaetura,Chaetura pelagica
26.12,29.94,Eukaryota,Metazoa,Chordata,Aves,Apodiformes,Apodidae,Chaetura,
166.32,181.76000000000002,Eukaryota,Metazoa,Chordata,Aves,Apodiformes,Apodidae,,
20.69,16.490000000000002,Eukaryota,Metazoa,Chordata,Aves,Apodiformes,,,
18.33,26.52,Eukaryota,Metazoa,Chordata,Aves,Apodiformes,Trochilidae,Calypte,Calypte anna
33.35,20.27,Eukaryota,Metazoa,Chordata,Aves,Apodiformes,Trochilidae,Calypte,
0.0,9.04,Eukaryota,Metazoa,Chordata,Aves,Apodiformes,Trochilidae,Colibri,Colibri coruscans
1038.27,1773.09,Eukaryota,Metazoa,Chordata,Aves,Apodiformes,Trochilidae,,
100.28,76.42,Eukaryota,Metazoa,Chordata,Aves,Apterygiformes,Apterygidae,Apteryx,Apteryx mantelli
13.02,20.73,Eukaryota,Metazoa,Chordata,Aves,Apterygiformes,Apterygidae,Apteryx,Apteryx rowi
210.03,208.24,Eukaryota,Metazoa,Chordata,Aves,Apterygiformes,Apterygidae,Apteryx,
1086.76,1097.7,Eukaryota,Metazoa,Chordata,Aves,Apterygiformes,Apterygidae,,
115.97,121.34,Eukaryota,Metazoa,Chordata,Aves,Apterygiformes,,,
62.19,72.21000000000001,Eukaryota,Metazoa,Chordata,Aves,Bucerotiformes,Bucerotidae,Buceros,Buceros rhinoceros
293.58,97.09,Eukaryota,Metazoa,Chordata,Aves,Bucerotiformes,Bucerotidae,Buceros,
91.1,262.96000000000004,Eukaryota,Metazoa,Chordata,Aves,Bucerotiformes,Bucerotidae,,
278.01,133.19,Eukaryota,Metazoa,Chordata,Aves,Caprimulgiformes,Caprimulgidae,Antrostomus,Antrostomus carolinensis
346.32,318.4,Eukaryota,Metazoa,Chordata,Aves,Caprimulgiformes,Caprimulgidae,Antrostomus,
27.96,0.0,Eukaryota,Metazoa,Chordata,Aves,Caprimulgiformes,Caprimulgidae,Caprimulgus,
3051.3199999999997,1685.3200000000002,Eukaryota,Metazoa,Chordata,Aves,Caprimulgiformes,Caprimulgidae,,
0.0,21.6,Eukaryota,Metazoa,Chordata,Aves,Caprimulgiformes,Caprimulgidae,Nyctipolus,
518.79,925.05,Eukaryota,Metazoa,Chordata,Aves,Caprimulgiformes,,,
4.36,2.43,Eukaryota,Metazoa,Chordata,Aves,Caprimulgiformes,Nyctibiidae,Nyctibius,
16.41,3.39,Eukaryota,Metazoa,Chordata,Aves,Caprimulgiformes,Nyctibiidae,Nyctibius,Nyctibius grandis
881.04,732.4499999999999,Eukaryota,Metazoa,Chordata,Aves,Cariamiformes,Cariamidae,Cariama,Cariama cristata
1103.22,747.61,Eukaryota,Metazoa,Chordata,Aves,Cariamiformes,Cariamidae,Cariama,
619.8100000000001,676.47,Eukaryota,Metazoa,Chordata,Aves,Cariamiformes,Cariamidae,,
11.34,19.46,Eukaryota,Metazoa,Chordata,Aves,Cariamiformes,,,
7.28,13.72,Eukaryota,Metazoa,Chordata,Aves,Casuariiformes,Dromaiidae,Dromaius,Dromaius novaehollandiae
108.57,81.74000000000001,Eukaryota,Metazoa,Chordata,Aves,Casuariiformes,Dromaiidae,Dromaius,
2161.57,2804.49,Eukaryota,Metazoa,Chordata,Aves,Casuariiformes,Dromaiidae,,
2.96,4.1,Eukaryota,Metazoa,Chordata,Aves,Casuariiformes,,,
2.71,0.81,Eukaryota,Metazoa,Chordata,Aves,Charadriiformes,Burhinidae,,
369.18,350.68,Eukaryota,Metazoa,Chordata,Aves,Charadriiformes,Charadriidae,Charadrius,Charadrius vociferus
2311.19,2219.11,Eukaryota,Metazoa,Chordata,Aves,Charadriiformes,Charadriidae,Charadrius,
1045.8799999999999,1071.61,Eukaryota,Metazoa,Chordata,Aves,Charadriiformes,Charadriidae,,
2.57,2.56,Eukaryota,Metazoa,Chordata,Aves,Charadriiformes,Charadriidae,Phegornis,
37.95,34.0,Eukaryota,Metazoa,Chordata,Aves,Charadriiformes,Charadriidae,Phegornis,Phegornis mitchellii
6.16,0.0,Eukaryota,Metazoa,Chordata,Aves,Charadriiformes,Haematopodidae,Haematopus,
0.0,3.39,Eukaryota,Metazoa,Chordata,Aves,Charadriiformes,Haematopodidae,,
0.0,6.33,Eukaryota,Metazoa,Chordata,Aves,Charadriiformes,Laridae,Larus,Larus argentatus
7.23,3.77,Eukaryota,Metazoa,Chordata,Aves,Charadriiformes,Laridae,,
37.12,75.28,Eukaryota,Metazoa,Chordata,Aves,Charadriiformes,,,
8.5,13.85,Eukaryota,Metazoa,Chordata,Aves,Charadriiformes,Scolopacidae,Actitis,Actitis macularius
114.69,122.1,Eukaryota,Metazoa,Chordata,Aves,Charadriiformes,Scolopacidae,Calidris,Calidris pugnax
592.6,550.8199999999999,Eukaryota,Metazoa,Chordata,Aves,Charadriiformes,Scolopacidae,Calidris,
1899.8799999999999,1708.94,Eukaryota,Metazoa,Chordata,Aves,Charadriiformes,Scolopacidae,,
0.0,2.81,Eukaryota,Metazoa,Chordata,Aves,Charadriiformes,Turnicidae,,
47.19,17.490000000000002,Eukaryota,Metazoa,Chordata,Aves,Ciconiiformes,Balaenicipitidae,Balaeniceps,Balaeniceps rex
4.2,4.12,Eukaryota,Metazoa,Chordata,Aves,Ciconiiformes,Balaenicipitidae,Balaeniceps,
49.67,0.0,Eukaryota,Metazoa,Chordata,Aves,Ciconiiformes,Ciconiidae,Ciconia,
462.07,412.91,Eukaryota,Metazoa,Chordata,Aves,Ciconiiformes,Ciconiidae,,
281.19,7.9399999999999995,Eukaryota,Metazoa,Chordata,Aves,Ciconiiformes,,,
494.91,719.34,Eukaryota,Metazoa,Chordata,Aves,Ciconiiformes,Pteroclidae,,
205.05,296.36,Eukaryota,Metazoa,Chordata,Aves,Ciconiiformes,Pteroclidae,Pterocles,
2.3,2.66,Eukaryota,Metazoa,Chordata,Aves,Ciconiiformes,Pteroclidae,Pterocles,Pterocles exustus
142.34,118.91,Eukaryota,Metazoa,Chordata,Aves,Ciconiiformes,Pteroclidae,Pterocles,Pterocles gutturalis
5.6,10.33,Eukaryota,Metazoa,Chordata,Aves,Ciconiiformes,Scopidae,Scopus,
27.47,7.9,Eukaryota,Metazoa,Chordata,Aves,Ciconiiformes,Scopidae,Scopus,Scopus umbretta
36.82,41.59,Eukaryota,Metazoa,Chordata,Aves,Coliiformes,Coliidae,Colius,Colius striatus
273.59000000000003,279.94,Eukaryota,Metazoa,Chordata,Aves,Coliiformes,Coliidae,Colius,
76.42,146.69,Eukaryota,Metazoa,Chordata,Aves,Coliiformes,Coliidae,,
8.36,0.0,Eukaryota,Metazoa,Chordata,Aves,Coliiformes,,,
898.54,2081.72,Eukaryota,Metazoa,Chordata,Aves,Columbiformes,Columbidae,Caloenas,
65.21000000000001,70.99000000000001,Eukaryota,Metazoa,Chordata,Aves,Columbiformes,Columbidae,Columba,Columba livia
236.85,193.23000000000002,Eukaryota,Metazoa,Chordata,Aves,Columbiformes,Columbidae,Columba,
588.69,647.76,Eukaryota,Metazoa,Chordata,Aves,Columbiformes,Columbidae,,
14.82,0.0,Eukaryota,Metazoa,Chordata,Aves,Columbiformes,Columbidae,Streptopelia,
0.0,5.01,Eukaryota,Metazoa,Chordata,Aves,Columbiformes,Columbidae,Treron,
12.09,2.77,Eukaryota,Metazoa,Chordata,Aves,Columbiformes,Columbidae,Treron,Treron vernans
117.03999999999999,37.14,Eukaryota,Metazoa,Chordata,Aves,Columbiformes,,,
513.81,366.8,Eukaryota,Metazoa,Chordata,Aves,Coraciiformes,Leptosomidae,Leptosomus,Leptosomus discolor
1041.92,923.0699999999999,Eukaryota,Metazoa,Chordata,Aves,Coraciiformes,Leptosomidae,Leptosomus,
339.3,471.59,Eukaryota,Metazoa,Chordata,Aves,Coraciiformes,Leptosomidae,,
44.519999999999996,38.91,Eukaryota,Metazoa,Chordata,Aves,Coraciiformes,Meropidae,Merops,Merops nubicus
58.43,57.11,Eukaryota,Metazoa,Chordata,Aves,Coraciiformes,Meropidae,Merops,
29.84,56.08,Eukaryota,Metazoa,Chordata,Aves,Coraciiformes,Meropidae,,
11.68,20.78,Eukaryota,Metazoa,Chordata,Aves,Coraciiformes,Momotidae,Momotus,Momotus momota
0.0,2.27,Eukaryota,Metazoa,Chordata,Aves,Coraciiformes,,,
14.73,30.29,Eukaryota,Metazoa,Chordata,Aves,Cuculiformes,Cuculidae,Cuculus,Cuculus canorus
92.15,97.8,Eukaryota,Metazoa,Chordata,Aves,Cuculiformes,Cuculidae,Cuculus,
50983.39,52055.57,Eukaryota,Metazoa,Chordata,Aves,Cuculiformes,Cuculidae,,
3.14,12.32,Eukaryota,Metazoa,Chordata,Aves,Cuculiformes,,,
41.59,110.95,Eukaryota,Metazoa,Chordata,Aves,Falconiformes,Falconidae,Falco,Falco cherrug
417.78,323.62,Eukaryota,Metazoa,Chordata,Aves,Falconiformes,Falconidae,Falco,Falco peregrinus
507.37,575.08,Eukaryota,Metazoa,Chordata,Aves,Falconiformes,Falconidae,Falco,
2.44,19.759999999999998,Eukaryota,Metazoa,Chordata,Aves,Falconiformes,Falconidae,Micrastur,Micrastur semitorquatus
8.64,4.7,Eukaryota,Metazoa,Chordata,Aves,Falconiformes,Falconidae,Micrastur,
3414.46,3321.9700000000003,Eukaryota,Metazoa,Chordata,Aves,Falconiformes,Falconidae,,
9.81,29.35,Eukaryota,Metazoa,Chordata,Aves,Falconiformes,,,
4.52,8.39,Eukaryota,Metazoa,Chordata,Aves,Galliformes,Megapodiidae,,
69.61,100.96,Eukaryota,Metazoa,Chordata,Aves,Galliformes,,,
262.48,332.07,Eukaryota,Metazoa,Chordata,Aves,Galliformes,Numididae,,
58.21,38.1,Eukaryota,Metazoa,Chordata,Aves,Galliformes,Numididae,Numida,
0.0,3.02,Eukaryota,Metazoa,Chordata,Aves,Galliformes,Numididae,Numida,Numida meleagris
0.0,3.01,Eukaryota,Metazoa,Chordata,Aves,Galliformes,Odontophoridae,Cyrtonyx,Cyrtonyx montezumae
13.09,0.0,Eukaryota,Metazoa,Chordata,Aves,Galliformes,Odontophoridae,Cyrtonyx,
2.79,4.07,Eukaryota,Metazoa,Chordata,Aves,Galliformes,Odontophoridae,,
14.8,24.97,Eukaryota,Metazoa,Chordata,Aves,Galliformes,Phasianidae,Afropavo,Afropavo congensis
9.8,9.370000000000001,Eukaryota,Metazoa,Chordata,Aves,Galliformes,Phasianidae,Afropavo,
42.1,24.939999999999998,Eukaryota,Metazoa,Chordata,Aves,Galliformes,Phasianidae,Alectoris,Alectoris rufa
2.79,7.71,Eukaryota,Metazoa,Chordata,Aves,Galliformes,Phasianidae,Alectoris,
33.03,7.08,Eukaryota,Metazoa,Chordata,Aves,Galliformes,Phasianidae,Argusianus,Argusianus argus
5.140000000000001,0.0,Eukaryota,Metazoa,Chordata,Aves,Galliformes,Phasianidae,Argusianus,
19.6,0.0,Eukaryota,Metazoa,Chordata,Aves,Galliformes,Phasianidae,Excalfactoria,Excalfactoria chinensis
22.17,29.810000000000002,Eukaryota,Metazoa,Chordata,Aves,Galliformes,Phasianidae,Francolinus,Francolinus francolinus
16.69,2.62,Eukaryota,Metazoa,Chordata,Aves,Galliformes,Phasianidae,Francolinus,
79.12,71.81,Eukaryota,Metazoa,Chordata,Aves,Galliformes,Phasianidae,Galloperdix,Galloperdix spadicea
195.5,168.83,Eukaryota,Metazoa,Chordata,Aves,Galliformes,Phasianidae,Galloperdix,
285.71,218.45999999999998,Eukaryota,Metazoa,Chordata,Aves,Galliformes,Phasianidae,Gallus,Gallus gallus
130440.63,133299.4,Eukaryota,Metazoa,Chordata,Aves,Galliformes,Phasianidae,Gallus,
37.29,14.95,Eukaryota,Metazoa,Chordata,Aves,Galliformes,Phasianidae,Haematortyx,Haematortyx sanguiniceps
10.83,7.19,Eukaryota,Metazoa,Chordata,Aves,Galliformes,Phasianidae,Haematortyx,
5.53,0.0,Eukaryota,Metazoa,Chordata,Aves,Galliformes,Phasianidae,Lophophorus,Lophophorus impejanus
9.56,0.0,Eukaryota,Metazoa,Chordata,Aves,Galliformes,Phasianidae,Lophophorus,
3.16,6.25,Eukaryota,Metazoa,Chordata,Aves,Galliformes,Phasianidae,Meleagris,Meleagris gallopavo
39.3,38.71,Eukaryota,Metazoa,Chordata,Aves,Galliformes,Phasianidae,Meleagris,
691.96,579.93,Eukaryota,Metazoa,Chordata,Aves,Galliformes,Phasianidae,,
2.4,76.2,Eukaryota,Metazoa,Chordata,Aves,Galliformes,Phasianidae,Pavo,Pavo cristatus
11.58,54.06,Eukaryota,Metazoa,Chordata,Aves,Galliformes,Phasianidae,Polyplectron,
37.08,0.0,Eukaryota,Metazoa,Chordata,Aves,Galliformes,Phasianidae,Polyplectron,Polyplectron bicalcaratum
5.5,1.97,Eukaryota,Metazoa,Chordata,Aves,Galliformes,Phasianidae,Polyplectron,Polyplectron malacense
2.35,2.03,Eukaryota,Metazoa,Chordata,Aves,Galliformes,Phasianidae,Rollulus,
51.38,20.6,Eukaryota,Metazoa,Chordata,Aves,Galliformes,Phasianidae,Rollulus,Rollulus rouloul
23.35,14.55,Eukaryota,Metazoa,Chordata,Aves,Gaviiformes,Gaviidae,Gavia,Gavia immer
757.35,549.78,Eukaryota,Metazoa,Chordata,Aves,Gaviiformes,Gaviidae,Gavia,Gavia stellata
1539.15,1335.98,Eukaryota,Metazoa,Chordata,Aves,Gaviiformes,Gaviidae,Gavia,
491.3,604.08,Eukaryota,Metazoa,Chordata,Aves,Gaviiformes,Gaviidae,,
36.61,90.24000000000001,Eukaryota,Metazoa,Chordata,Aves,Gaviiformes,,,
155.81,479.34999999999997,Eukaryota,Metazoa,Chordata,Aves,Gruiformes,Eurypygidae,Eurypyga,Eurypyga helias
422.2,320.78000000000003,Eukaryota,Metazoa,Chordata,Aves,Gruiformes,Eurypygidae,Eurypyga,
121.96,131.68,Eukaryota,Metazoa,Chordata,Aves,Gruiformes,Eurypygidae,,
0.0,2.38,Eukaryota,Metazoa,Chordata,Aves,Gruiformes,Gruidae,Antigone,Antigone antigone
419.02,230.86,Eukaryota,Metazoa,Chordata,Aves,Gruiformes,Gruidae,Balearica,Balearica regulorum
639.5699999999999,679.77,Eukaryota,Metazoa,Chordata,Aves,Gruiformes,Gruidae,Balearica,
446.73,449.58,Eukaryota,Metazoa,Chordata,Aves,Gruiformes,Gruidae,,
2230.7900000000004,2180.69,Eukaryota,Metazoa,Chordata,Aves,Gruiformes,Mesitornithidae,Mesitornis,Mesitornis unicolor
260.45,367.64,Eukaryota,Metazoa,Chordata,Aves,Gruiformes,Mesitornithidae,Mesitornis,
707.2,529.41,Eukaryota,Metazoa,Chordata,Aves,Gruiformes,Mesitornithidae,,
3.54,5.7,Eukaryota,Metazoa,Chordata,Aves,Gruiformes,,,
23.520000000000003,5.21,Eukaryota,Metazoa,Chordata,Aves,Gruiformes,Otididae,Ardeotis,Ardeotis kori
1.82,0.0,Eukaryota,Metazoa,Chordata,Aves,Gruiformes,Otididae,Ardeotis,
271.47,253.14,Eukaryota,Metazoa,Chordata,Aves,Gruiformes,Otididae,Chlamydotis,Chlamydotis macqueenii
680.28,620.67,Eukaryota,Metazoa,Chordata,Aves,Gruiformes,Otididae,Chlamydotis,
286.08,262.63,Eukaryota,Metazoa,Chordata,Aves,Gruiformes,Otididae,,
0.0,3.02,Eukaryota,Metazoa,Chordata,Aves,Gruiformes,Psophiidae,Psophia,
8.51,6.7,Eukaryota,Metazoa,Chordata,Aves,Gruiformes,Psophiidae,Psophia,Psophia crepitans
559.63,616.61,Eukaryota,Metazoa,Chordata,Aves,Musophagiformes,Musophagidae,,
333.40000000000003,236.04,Eukaryota,Metazoa,Chordata,Aves,Musophagiformes,Musophagidae,Tauraco,
329.89,227.98,Eukaryota,Metazoa,Chordata,Aves,Musophagiformes,Musophagidae,Tauraco,Tauraco erythrolophus
2.04,0.0,Eukaryota,Metazoa,Chordata,Aves,,,,
4.0,44.39,Eukaryota,Metazoa,Chordata,Aves,Opisthocomiformes,,,
343.62,404.59999999999997,Eukaryota,Metazoa,Chordata,Aves,Opisthocomiformes,Opisthocomidae,,
274.46,123.43,Eukaryota,Metazoa,Chordata,Aves,Opisthocomiformes,Opisthocomidae,Opisthocomus,
76.45,80.55,Eukaryota,Metazoa,Chordata,Aves,Opisthocomiformes,Opisthocomidae,Opisthocomus,Opisthocomus hoazin
87.43,86.14,Eukaryota,Metazoa,Chordata,Aves,Passeriformes,Acanthisittidae,Acanthisitta,Acanthisitta chloris
26.880000000000003,23.44,Eukaryota,Metazoa,Chordata,Aves,Passeriformes,Acanthisittidae,Acanthisitta,
43.66,49.88,Eukaryota,Metazoa,Chordata,Aves,Passeriformes,Acanthisittidae,,
733.88,622.3100000000001,Eukaryota,Metazoa,Chordata,Aves,Passeriformes,Corvidae,Aphelocoma,Aphelocoma californica
1.85,2.74,Eukaryota,Metazoa,Chordata,Aves,Passeriformes,Corvidae,Aphelocoma,Aphelocoma californica x Aphelocoma woodhouseii
282.69,159.32999999999998,Eukaryota,Metazoa,Chordata,Aves,Passeriformes,Corvidae,Aphelocoma,Aphelocoma sumichrasti
426.23,307.33,Eukaryota,Metazoa,Chordata,Aves,Passeriformes,Corvidae,Aphelocoma,Aphelocoma woodhouseii
310.57,283.33,Eukaryota,Metazoa,Chordata,Aves,Passeriformes,Corvidae,Aphelocoma,
7.76,76.25999999999999,Eukaryota,Metazoa,Chordata,Aves,Passeriformes,Corvidae,Corvus,Corvus brachyrhynchos
9.48,5.25,Eukaryota,Metazoa,Chordata,Aves,Passeriformes,Corvidae,Corvus,Corvus cornix
161.76,150.67000000000002,Eukaryota,Metazoa,Chordata,Aves,Passeriformes,Corvidae,Corvus,
193.1,178.85,Eukaryota,Metazoa,Chordata,Aves,Passeriformes,Corvidae,,
7.99,5.16,Eukaryota,Metazoa,Chordata,Aves,Passeriformes,Estrildidae,Lonchura,Lonchura striata
16.310000000000002,20.75,Eukaryota,Metazoa,Chordata,Aves,Passeriformes,Estrildidae,Lonchura,
1170.41,1477.51,Eukaryota,Metazoa,Chordata,Aves,Passeriformes,Estrildidae,,
211.52,144.43,Eukaryota,Metazoa,Chordata,Aves,Passeriformes,Estrildidae,Taeniopygia,
289.68,238.65,Eukaryota,Metazoa,Chordata,Aves,Passeriformes,Estrildidae,Taeniopygia,Taeniopygia guttata
3.78,0.0,Eukaryota,Metazoa,Chordata,Aves,Passeriformes,Estrildidae,Vidua,
14.52,11.36,Eukaryota,Metazoa,Chordata,Aves,Passeriformes,Estrildidae,Vidua,Vidua macroura
0.0,5.22,Eukaryota,Metazoa,Chordata,Aves,Passeriformes,Fringillidae,Emberiza,Emberiza melanocephala
6.24,0.0,Eukaryota,Metazoa,Chordata,Aves,Passeriformes,Fringillidae,Emberiza,
78.87,132.46,Eukaryota,Metazoa,Chordata,Aves,Passeriformes,Fringillidae,,
28.909999999999997,27.759999999999998,Eukaryota,Metazoa,Chordata,Aves,Passeriformes,Fringillidae,Serinus,
23.5,5.26,Eukaryota,Metazoa,Chordata,Aves,Passeriformes,Fringillidae,Serinus,Serinus canaria
4.55,4.01,Eukaryota,Metazoa,Chordata,Aves,Passeriformes,Icteridae,,
17.87,15.14,Eukaryota,Metazoa,Chordata,Aves,Passeriformes,Muscicapidae,Ficedula,Ficedula albicollis
38.89,29.369999999999997,Eukaryota,Metazoa,Chordata,Aves,Passeriformes,Muscicapidae,Ficedula,
79.41,76.6,Eukaryota,Metazoa,Chordata,Aves,Passeriformes,Muscicapidae,,
219.4,350.51,Eukaryota,Metazoa,Chordata,Aves,Passeriformes,,,
29.56,24.35,Eukaryota,Metazoa,Chordata,Aves,Passeriformes,Paridae,Cyanistes,Cyanistes caeruleus
57.370000000000005,19.43,Eukaryota,Metazoa,Chordata,Aves,Passeriformes,Paridae,Cyanistes,
723.9399999999999,1022.9000000000001,Eukaryota,Metazoa,Chordata,Aves,Passeriformes,Paridae,,
13.639999999999999,3.84,Eukaryota,Metazoa,Chordata,Aves,Passeriformes,Paridae,Parus,
7.800000000000001,12.39,Eukaryota,Metazoa,Chordata,Aves,Passeriformes,Paridae,Parus,Parus major
79.5,49.489999999999995,Eukaryota,Metazoa,Chordata,Aves,Passeriformes,Paridae,Pseudopodoces,
4.68,9.76,Eukaryota,Metazoa,Chordata,Aves,Passeriformes,Paridae,Pseudopodoces,Pseudopodoces humilis
3.56,0.0,Eukaryota,Metazoa,Chordata,Aves,Passeriformes,Passerellidae,Junco,
25.049999999999997,25.1,Eukaryota,Metazoa,Chordata,Aves,Passeriformes,Passerellidae,,
9.0,5.28,Eukaryota,Metazoa,Chordata,Aves,Passeriformes,Passerellidae,Zonotrichia,
29.85,18.310000000000002,Eukaryota,Metazoa,Chordata,Aves,Passeriformes,Passerellidae,Zonotrichia,Zonotrichia albicollis
0.0,0.52,Eukaryota,Metazoa,Chordata,Aves,Passeriformes,Passeridae,,
2.52,12.57,Eukaryota,Metazoa,Chordata,Aves,Passeriformes,Pipridae,Corapipo,Corapipo altera
84.65,84.11,Eukaryota,Metazoa,Chordata,Aves,Passeriformes,Pipridae,Corapipo,
22.48,47.879999999999995,Eukaryota,Metazoa,Chordata,Aves,Passeriformes,Pipridae,Lepidothrix,Lepidothrix coronata
57.14,28.27,Eukaryota,Metazoa,Chordata,Aves,Passeriformes,Pipridae,Lepidothrix,
9.82,14.87,Eukaryota,Metazoa,Chordata,Aves,Passeriformes,Pipridae,Manacus,Manacus vitellinus
1223.76,10.5,Eukaryota,Metazoa,Chordata,Aves,Passeriformes,Pipridae,Manacus,
1765.42,1773.05,Eukaryota,Metazoa,Chordata,Aves,Passeriformes,Pipridae,,
111.65,83.39999999999999,Eukaryota,Metazoa,Chordata,Aves,Passeriformes,Pipridae,Neopelma,
34.91,28.900000000000002,Eukaryota,Metazoa,Chordata,Aves,Passeriformes,Pipridae,Neopelma,Neopelma chrysocephalum
78.24,117.39,Eukaryota,Metazoa,Chordata,Aves,Passeriformes,Pipridae,Pipra,
3.74,0.0,Eukaryota,Metazoa,Chordata,Aves,Passeriformes,Pipridae,Pipra,Pipra filicauda
8.879999999999999,2.54,Eukaryota,Metazoa,Chordata,Aves,Passeriformes,Pittidae,Hydrornis,Hydrornis guajana
2.58,2.78,Eukaryota,Metazoa,Chordata,Aves,Passeriformes,Pittidae,Hydrornis,
3.53,0.0,Eukaryota,Metazoa,Chordata,Aves,Passeriformes,Pittidae,,
132.59,76.16,Eukaryota,Metazoa,Chordata,Aves,Passeriformes,Sturnidae,,
96.48,57.9,Eukaryota,Metazoa,Chordata,Aves,Passeriformes,Sturnidae,Sturnus,
29.34,29.509999999999998,Eukaryota,Metazoa,Chordata,Aves,Passeriformes,Sturnidae,Sturnus,Sturnus vulgaris
12.36,13.16,Eukaryota,Metazoa,Chordata,Aves,Passeriformes,Thraupidae,Geospiza,Geospiza fortis
9.58,18.36,Eukaryota,Metazoa,Chordata,Aves,Passeriformes,Thraupidae,Geospiza,
63.99,59.53,Eukaryota,Metazoa,Chordata,Aves,Passeriformes,Thraupidae,,
2.69,0.0,Eukaryota,Metazoa,Chordata,Aves,Passeriformes,Timaliidae,,
20.43,21.03,Eukaryota,Metazoa,Chordata,Aves,Passeriformes,Tyrannidae,Empidonax,Empidonax traillii
523.06,747.3599999999999,Eukaryota,Metazoa,Chordata,Aves,Passeriformes,Tyrannidae,Empidonax,
493.4,339.22,Eukaryota,Metazoa,Chordata,Aves,Passeriformes,Tyrannidae,,
5.8,3.61,Eukaryota,Metazoa,Chordata,Aves,Pelecaniformes,Anhingidae,Anhinga,
482.98,399.86,Eukaryota,Metazoa,Chordata,Aves,Pelecaniformes,Ardeidae,Egretta,Egretta garzetta
760.06,564.5799999999999,Eukaryota,Metazoa,Chordata,Aves,Pelecaniformes,Ardeidae,Egretta,
600.9300000000001,733.36,Eukaryota,Metazoa,Chordata,Aves,Pelecaniformes,Ardeidae,,
7.77,0.0,Eukaryota,Metazoa,Chordata,Aves,Pelecaniformes,Fregatidae,,
178.11,125.58,Eukaryota,Metazoa,Chordata,Aves,Pelecaniformes,,,
1164.71,1304.18,Eukaryota,Metazoa,Chordata,Aves,Pelecaniformes,Pelecanidae,,
1476.2,1669.02,Eukaryota,Metazoa,Chordata,Aves,Pelecaniformes,Pelecanidae,Pelecanus,
1397.29,980.52,Eukaryota,Metazoa,Chordata,Aves,Pelecaniformes,Pelecanidae,Pelecanus,Pelecanus crispus
10.91,0.0,Eukaryota,Metazoa,Chordata,Aves,Pelecaniformes,Pelecanidae,Pelecanus,Pelecanus philippensis
515.8199999999999,558.5,Eukaryota,Metazoa,Chordata,Aves,Pelecaniformes,Phaethontidae,,
1163.26,839.9,Eukaryota,Metazoa,Chordata,Aves,Pelecaniformes,Phaethontidae,Phaethon,
543.73,526.36,Eukaryota,Metazoa,Chordata,Aves,Pelecaniformes,Phaethontidae,Phaethon,Phaethon lepturus
117.84,2.47,Eukaryota,Metazoa,Chordata,Aves,Pelecaniformes,Phaethontidae,Phaethon,Phaethon rubricauda
415.26,293.75,Eukaryota,Metazoa,Chordata,Aves,Pelecaniformes,Phalacrocoracidae,,
209.4,198.38,Eukaryota,Metazoa,Chordata,Aves,Pelecaniformes,Phalacrocoracidae,Phalacrocorax,
349.18,276.66,Eukaryota,Metazoa,Chordata,Aves,Pelecaniformes,Phalacrocoracidae,Phalacrocorax,Phalacrocorax carbo
80.91,75.17999999999999,Eukaryota,Metazoa,Chordata,Aves,Pelecaniformes,Sulidae,,
3807.96,3315.61,Eukaryota,Metazoa,Chordata,Aves,Pelecaniformes,Threskiornithidae,,
3764.4,4185.11,Eukaryota,Metazoa,Chordata,Aves,Pelecaniformes,Threskiornithidae,Nipponia,
1512.57,1308.9,Eukaryota,Metazoa,Chordata,Aves,Pelecaniformes,Threskiornithidae,Nipponia,Nipponia nippon
26.25,29.06,Eukaryota,Metazoa,Chordata,Aves,Phoenicopteriformes,Phoenicopteridae,,
3.5,4.24,Eukaryota,Metazoa,Chordata,Aves,Phoenicopteriformes,Phoenicopteridae,Phoenicopterus,
65.95,16.98,Eukaryota,Metazoa,Chordata,Aves,Phoenicopteriformes,Phoenicopteridae,Phoenicopterus,Phoenicopterus chilensis
0.0,3.2,Eukaryota,Metazoa,Chordata,Aves,Piciformes,Megalaimidae,Megalaima,Megalaima virens
20.95,0.0,Eukaryota,Metazoa,Chordata,Aves,Piciformes,,,
29.7,68.98,Eukaryota,Metazoa,Chordata,Aves,Piciformes,Picidae,Dryobates,Dryobates pubescens
22.43,81.77000000000001,Eukaryota,Metazoa,Chordata,Aves,Piciformes,Picidae,Dryobates,
433.12,381.17999999999995,Eukaryota,Metazoa,Chordata,Aves,Piciformes,Picidae,,
2.59,9.96,Eukaryota,Metazoa,Chordata,Aves,Piciformes,Picidae,Sphyrapicus,
2.79,12.4,Eukaryota,Metazoa,Chordata,Aves,Piciformes,Picidae,Sphyrapicus,Sphyrapicus varius
17.34,0.0,Eukaryota,Metazoa,Chordata,Aves,Podicipediformes,Podicipedidae,,
52.44,40.97,Eukaryota,Metazoa,Chordata,Aves,Podicipediformes,Podicipedidae,Podiceps,Podiceps auritus
4.59,2.92,Eukaryota,Metazoa,Chordata,Aves,Procellariiformes,Diomedeidae,,
2.93,4.4,Eukaryota,Metazoa,Chordata,Aves,Procellariiformes,Diomedeidae,Phoebastria,Phoebastria nigripes
1.9,30.229999999999997,Eukaryota,Metazoa,Chordata,Aves,Procellariiformes,,,
5.65,4.22,Eukaryota,Metazoa,Chordata,Aves,Procellariiformes,Pelecanoididae,,
1159.63,1098.95,Eukaryota,Metazoa,Chordata,Aves,Procellariiformes,Procellariidae,Fulmarus,Fulmarus glacialis
2673.5,2607.3,Eukaryota,Metazoa,Chordata,Aves,Procellariiformes,Procellariidae,Fulmarus,
2259.0,2011.89,Eukaryota,Metazoa,Chordata,Aves,Procellariiformes,Procellariidae,,
31.22,0.0,Eukaryota,Metazoa,Chordata,Aves,Procellariiformes,Procellariidae,Procellaria,
33.25,19.04,Eukaryota,Metazoa,Chordata,Aves,Procellariiformes,unk_f,,
3.47,3.47,Eukaryota,Metazoa,Chordata,Aves,Procellariiformes,unk_f,Oceanites,
193.23,53.23,Eukaryota,Metazoa,Chordata,Aves,Procellariiformes,unk_f,Oceanites,Oceanites oceanicus
0.0,2.43,Eukaryota,Metazoa,Chordata,Aves,Procellariiformes,unk_f,Oceanodroma,
8.870000000000001,0.0,Eukaryota,Metazoa,Chordata,Aves,Psittaciformes,,,
4.66,0.0,Eukaryota,Metazoa,Chordata,Aves,Psittaciformes,Psittacidae,Cyanoramphus,
76.72,67.46000000000001,Eukaryota,Metazoa,Chordata,Aves,Psittaciformes,Psittacidae,,
169.04,137.35,Eukaryota,Metazoa,Chordata,Aves,Psittaciformes,Psittacidae,Nestor,
144.1,137.66,Eukaryota,Metazoa,Chordata,Aves,Psittaciformes,Psittacidae,Nestor,Nestor notabilis
9.84,2.54,Eukaryota,Metazoa,Chordata,Aves,Psittaciformes,Psittacidae,Psittacula,Psittacula alexandri
103.63,55.05,Eukaryota,Metazoa,Chordata,Aves,Psittaciformes,Psittaculidae,Melopsittacus,Melopsittacus undulatus
226.72,201.92000000000002,Eukaryota,Metazoa,Chordata,Aves,Psittaciformes,Psittaculidae,Melopsittacus,
439.47,471.27,Eukaryota,Metazoa,Chordata,Aves,Psittaciformes,Psittaculidae,,
67.03,44.31,Eukaryota,Metazoa,Chordata,Aves,Sphenisciformes,,,
55443.28,46332.33,Eukaryota,Metazoa,Chordata,Aves,Sphenisciformes,Spheniscidae,Aptenodytes,Aptenodytes forsteri
196.22,143.6,Eukaryota,Metazoa,Chordata,Aves,Sphenisciformes,Spheniscidae,Aptenodytes,Aptenodytes patagonicus
73357.53,65121.75,Eukaryota,Metazoa,Chordata,Aves,Sphenisciformes,Spheniscidae,Aptenodytes,
645.25,776.35,Eukaryota,Metazoa,Chordata,Aves,Sphenisciformes,Spheniscidae,Eudyptes,Eudyptes chrysocome
8.91,9.03,Eukaryota,Metazoa,Chordata,Aves,Sphenisciformes,Spheniscidae,Eudyptes,Eudyptes chrysolophus
1794.31,1222.44,Eukaryota,Metazoa,Chordata,Aves,Sphenisciformes,Spheniscidae,Eudyptes,
886.5,397.29,Eukaryota,Metazoa,Chordata,Aves,Sphenisciformes,Spheniscidae,Eudyptula,Eudyptula minor
634.83,626.63,Eukaryota,Metazoa,Chordata,Aves,Sphenisciformes,Spheniscidae,Eudyptula,
3.04,0.0,Eukaryota,Metazoa,Chordata,Aves,Sphenisciformes,Spheniscidae,Megadyptes,
39684.07,38839.49,Eukaryota,Metazoa,Chordata,Aves,Sphenisciformes,Spheniscidae,,
90686.22,81274.8,Eukaryota,Metazoa,Chordata,Aves,Sphenisciformes,Spheniscidae,Pygoscelis,
299491.59,240848.33,Eukaryota,Metazoa,Chordata,Aves,Sphenisciformes,Spheniscidae,Pygoscelis,Pygoscelis adeliae
12.85,2.11,Eukaryota,Metazoa,Chordata,Aves,Sphenisciformes,Spheniscidae,Pygoscelis,Pygoscelis antarcticus
10593.66,37455.76,Eukaryota,Metazoa,Chordata,Aves,Sphenisciformes,Spheniscidae,Pygoscelis,Pygoscelis papua
834.73,1272.37,Eukaryota,Metazoa,Chordata,Aves,Sphenisciformes,Spheniscidae,Spheniscus,
22.68,272.49,Eukaryota,Metazoa,Chordata,Aves,Sphenisciformes,Spheniscidae,Spheniscus,Spheniscus demersus
31.37,3.39,Eukaryota,Metazoa,Chordata,Aves,Sphenisciformes,Spheniscidae,Spheniscus,Spheniscus humboldti
2810.61,258.48,Eukaryota,Metazoa,Chordata,Aves,Sphenisciformes,Spheniscidae,Spheniscus,Spheniscus magellanicus
14.81,12.93,Eukaryota,Metazoa,Chordata,Aves,Strigiformes,,,
126.67,64.62,Eukaryota,Metazoa,Chordata,Aves,Strigiformes,Strigidae,Athene,Athene cunicularia
975.4200000000001,1058.17,Eukaryota,Metazoa,Chordata,Aves,Strigiformes,Strigidae,Athene,
1.73,0.0,Eukaryota,Metazoa,Chordata,Aves,Strigiformes,Strigidae,Bubo,
1429.73,1111.06,Eukaryota,Metazoa,Chordata,Aves,Strigiformes,Strigidae,,
385.12,307.86,Eukaryota,Metazoa,Chordata,Aves,Strigiformes,Tytonidae,,
404.06,508.63,Eukaryota,Metazoa,Chordata,Aves,Strigiformes,Tytonidae,Tyto,
316.41,371.31,Eukaryota,Metazoa,Chordata,Aves,Strigiformes,Tytonidae,Tyto,Tyto alba
7.09,11.9,Eukaryota,Metazoa,Chordata,Aves,Struthioniformes,,,
86.47,127.35,Eukaryota,Metazoa,Chordata,Aves,Struthioniformes,Struthionidae,,
18.97,72.76,Eukaryota,Metazoa,Chordata,Aves,Struthioniformes,Struthionidae,Struthio,
84.12,81.46000000000001,Eukaryota,Metazoa,Chordata,Aves,Struthioniformes,Struthionidae,Struthio,Struthio camelus
63.290000000000006,53.05,Eukaryota,Metazoa,Chordata,Aves,Tinamiformes,,,
1.75,5.15,Eukaryota,Metazoa,Chordata,Aves,Tinamiformes,Tinamidae,Eudromia,Eudromia elegans
371.05,484.95,Eukaryota,Metazoa,Chordata,Aves,Tinamiformes,Tinamidae,,
13.07,10.67,Eukaryota,Metazoa,Chordata,Aves,Tinamiformes,Tinamidae,Nothoprocta,
0.0,2.4,Eukaryota,Metazoa,Chordata,Aves,Tinamiformes,Tinamidae,Nothoprocta,Nothoprocta perdicaria
138.16,91.83,Eukaryota,Metazoa,Chordata,Aves,Tinamiformes,Tinamidae,Tinamus,
4.57,7.91,Eukaryota,Metazoa,Chordata,Aves,Tinamiformes,Tinamidae,Tinamus,Tinamus guttatus
74.03999999999999,40.3,Eukaryota,Metazoa,Chordata,Aves,Trogoniformes,Trogonidae,Apaloderma,Apaloderma vittatum
85.47,44.22,Eukaryota,Metazoa,Chordata,Aves,Trogoniformes,Trogonidae,Apaloderma,
41.38,45.21,Eukaryota,Metazoa,Chordata,Aves,Trogoniformes,Trogonidae,,
2.37,0.0,Eukaryota,Metazoa,Chordata,Aves,Trogoniformes,Trogonidae,Trogon,
12.0,17.65,Eukaryota,Metazoa,Chordata,Aves,Trogoniformes,Trogonidae,Trogon,Trogon personatus
3.56,0.0,Eukaryota,Metazoa,Chordata,Aves,Upupiformes,Rhinopomastidae,Rhinopomastus,Rhinopomastus cyanomelas
1.12,0.0,Eukaryota,Metazoa,Chordata,Chondrichthyes,Lamniformes,Alopiidae,,
3.56,6.94,Eukaryota,Metazoa,Chordata,Cladistia,Polypteriformes,,,
28.009999999999998,24.29,Eukaryota,Metazoa,Chordata,Cladistia,Polypteriformes,Polypteridae,,
10.97,0.0,Eukaryota,Metazoa,Chordata,Lepidosauria,Sphenodontia,Sphenodontidae,Sphenodon,Sphenodon punctatus
5.9,11.21,Eukaryota,Metazoa,Chordata,Lepidosauria,Squamata,Elapidae,,
0.0,14.57,Eukaryota,Metazoa,Chordata,Lepidosauria,Squamata,Elapidae,Notechis,
48.0,48.24,Eukaryota,Metazoa,Chordata,Lepidosauria,Squamata,Gekkonidae,,
21.29,0.0,Eukaryota,Metazoa,Chordata,Lepidosauria,Squamata,Gekkonidae,Phelsuma,Phelsuma guttata
21.48,32.91,Eukaryota,Metazoa,Chordata,Lepidosauria,Squamata,Iguanidae,,
4.65,0.49,Eukaryota,Metazoa,Chordata,Lepidosauria,Squamata,,,
2.79,0.0,Eukaryota,Metazoa,Chordata,Lepidosauria,Squamata,Phrynosomatidae,Sceloporus,Sceloporus macdougalli
4.06,0.0,Eukaryota,Metazoa,Chordata,Lepidosauria,Squamata,Phrynosomatidae,Sceloporus,Sceloporus parvus
0.0,6.05,Eukaryota,Metazoa,Chordata,Lepidosauria,Squamata,Phrynosomatidae,Sceloporus,Sceloporus scalaris
8.43,0.0,Eukaryota,Metazoa,Chordata,Lepidosauria,Squamata,Phrynosomatidae,Sceloporus,Sceloporus stejnegeri
8.59,8.16,Eukaryota,Metazoa,Chordata,Lepidosauria,Squamata,Viperidae,,
3.0,0.0,Eukaryota,Metazoa,Chordata,Mammalia,Artiodactyla,Balaenopteridae,,
8.36,5.45,Eukaryota,Metazoa,Chordata,Mammalia,Artiodactyla,Bovidae,Bubalus,Bubalus bubalis
26.240000000000002,16.43,Eukaryota,Metazoa,Chordata,Mammalia,Artiodactyla,Bovidae,,
0.0,2.84,Eukaryota,Metazoa,Chordata,Mammalia,Artiodactyla,Bovidae,Ovis,
0.0,5.63,Eukaryota,Metazoa,Chordata,Mammalia,Artiodactyla,Camelidae,,
32.71,32.28,Eukaryota,Metazoa,Chordata,Mammalia,Artiodactyla,Cervidae,,
348.03000000000003,798.6600000000001,Eukaryota,Metazoa,Chordata,Mammalia,Artiodactyla,Cervidae,Odocoileus,Odocoileus virginianus
531.53,914.85,Eukaryota,Metazoa,Chordata,Mammalia,Carnivora,Canidae,,
203.32,0.0,Eukaryota,Metazoa,Chordata,Mammalia,Carnivora,Felidae,Felis,Felis catus
69.55,23.89,Eukaryota,Metazoa,Chordata,Mammalia,Carnivora,Felidae,Felis,
980.9900000000001,1281.98,Eukaryota,Metazoa,Chordata,Mammalia,Carnivora,Felidae,,
5.12,0.0,Eukaryota,Metazoa,Chordata,Mammalia,Carnivora,Felidae,Panthera,
0.0,4.88,Eukaryota,Metazoa,Chordata,Mammalia,Carnivora,,,
12.45,10.33,Eukaryota,Metazoa,Chordata,Mammalia,Carnivora,Otariidae,,
0.0,17.45,Eukaryota,Metazoa,Chordata,Mammalia,Carnivora,Ursidae,,
21.86,0.0,Eukaryota,Metazoa,Chordata,Mammalia,Carnivora,Ursidae,Ursus,
2.76,3.21,Eukaryota,Metazoa,Chordata,Mammalia,Chiroptera,Hipposideridae,,
7.31,7.3,Eukaryota,Metazoa,Chordata,Mammalia,Chiroptera,Phyllostomidae,,
3.79,0.0,Eukaryota,Metazoa,Chordata,Mammalia,Chiroptera,Pteropodidae,Rousettus,Rousettus leschenaultii
5.4,9.68,Eukaryota,Metazoa,Chordata,Mammalia,Dasyuromorphia,Dasyuridae,,
15.6,12.54,Eukaryota,Metazoa,Chordata,Mammalia,Eulipotyphla,Erinaceidae,,
287.27,279.45,Eukaryota,Metazoa,Chordata,Mammalia,Eulipotyphla,,,
7.09,0.0,Eukaryota,Metazoa,Chordata,Mammalia,Eulipotyphla,Soricidae,Crocidura,Crocidura ninoyi
12.42,3.32,Eukaryota,Metazoa,Chordata,Mammalia,Eulipotyphla,Talpidae,,
41.76,41.63,Eukaryota,Metazoa,Chordata,Mammalia,Monotremata,,,
16.11,22.68,Eukaryota,Metazoa,Chordata,Mammalia,Monotremata,Ornithorhynchidae,,
9.91,10.66,Eukaryota,Metazoa,Chordata,Mammalia,Perissodactyla,,,
3.69,8.79,Eukaryota,Metazoa,Chordata,Mammalia,Primates,Cebidae,Saimiri,
24.09,14.68,Eukaryota,Metazoa,Chordata,Mammalia,Primates,Cercopithecidae,,
55.43,60.23,Eukaryota,Metazoa,Chordata,Mammalia,Primates,Cheirogaleidae,Microcebus,
55.92,52.79,Eukaryota,Metazoa,Chordata,Mammalia,Primates,Cheirogaleidae,,
675.01,1457.24,Eukaryota,Metazoa,Chordata,Mammalia,Primates,Hominidae,Homo,Homo sapiens
28.129999999999995,1199.13,Eukaryota,Metazoa,Chordata,Mammalia,Primates,Hominidae,Homo,
264.16,277.33000000000004,Eukaryota,Metazoa,Chordata,Mammalia,Primates,Hominidae,,
5.49,6.42,Eukaryota,Metazoa,Chordata,Mammalia,Primates,,,
1.17,0.0,Eukaryota,Metazoa,Chordata,Mammalia,Proboscidea,Elephantidae,Elephas,Elephas maximus
10.96,0.0,Eukaryota,Metazoa,Chordata,Mammalia,Proboscidea,Elephantidae,,
26.23,19.19,Eukaryota,Metazoa,Chordata,Mammalia,Rodentia,Castoridae,,
111.88,0.0,Eukaryota,Metazoa,Chordata,Mammalia,Rodentia,Cricetidae,Cricetulus,
39.099999999999994,62.68,Eukaryota,Metazoa,Chordata,Mammalia,Rodentia,Cricetidae,,
0.0,3.85,Eukaryota,Metazoa,Chordata,Mammalia,Rodentia,Muridae,Meriones,Meriones unguiculatus
4.38,7.2,Eukaryota,Metazoa,Chordata,Mammalia,Rodentia,Muridae,Mus,Mus musculus
16311.779999999999,27640.04,Eukaryota,Metazoa,Chordata,Mammalia,Rodentia,Muridae,,
53.88,169.4,Eukaryota,Metazoa,Chordata,Mammalia,Rodentia,Muridae,Rattus,
98.52,219.09,Eukaryota,Metazoa,Chordata,Mammalia,Rodentia,,,
6.13,8.65,Eukaryota,Metazoa,Chordata,Mammalia,Scandentia,Tupaiidae,,
16.09,0.0,Eukaryota,Metazoa,Chordata,Mammalia,Sirenia,Dugongidae,Dugong,Dugong dugon
0.0,10.75,Eukaryota,Metazoa,Chordata,Mammalia,Sirenia,Dugongidae,Dugong,
10.06,11.65,Eukaryota,Metazoa,Chordata,,,,,
5.01,0.0,Eukaryota,Metazoa,Chordata,unk_c,Crocodylia,Alligatoridae,Alligator,
39.56,34.89,Eukaryota,Metazoa,Chordata,unk_c,Crocodylia,Alligatoridae,,
4.46,2.36,Eukaryota,Metazoa,Chordata,unk_c,Crocodylia,Crocodylidae,Crocodylus,Crocodylus porosus
10.36,3.55,Eukaryota,Metazoa,Chordata,unk_c,Crocodylia,Crocodylidae,Crocodylus,
4.48,4.79,Eukaryota,Metazoa,Chordata,unk_c,Crocodylia,Crocodylidae,,
4.52,2.44,Eukaryota,Metazoa,Chordata,unk_c,Crocodylia,Gavialidae,Gavialis,Gavialis gangeticus
0.0,4.07,Eukaryota,Metazoa,Chordata,unk_c,Crocodylia,Gavialidae,Gavialis,
25.57,32.14,Eukaryota,Metazoa,Chordata,unk_c,Crocodylia,,,
22.08,18.259999999999998,Eukaryota,Metazoa,Chordata,unk_c,Testudines,Cheloniidae,,
7.1,0.0,Eukaryota,Metazoa,Chordata,unk_c,Testudines,Emydidae,Chrysemys,Chrysemys picta
2.04,0.0,Eukaryota,Metazoa,Chordata,unk_c,Testudines,Emydidae,Chrysemys,
39.09,23.83,Eukaryota,Metazoa,Chordata,unk_c,Testudines,Emydidae,,
3.88,0.0,Eukaryota,Metazoa,Chordata,unk_c,Testudines,Emydidae,Terrapene,
11.92,27.049999999999997,Eukaryota,Metazoa,Chordata,unk_c,Testudines,,,
0.0,3.12,Eukaryota,Metazoa,Chordata,unk_c,Testudines,Pelomedusidae,,
3.98,3.35,Eukaryota,Metazoa,Chordata,unk_c,Testudines,Pelomedusidae,Pelomedusa,Pelomedusa subrufa
34.52,126.02,Eukaryota,Metazoa,Chordata,unk_c,Testudines,Trionychidae,,
0.0,5.82,Eukaryota,Metazoa,Mollusca,Gastropoda,Littorinimorpha,Strombidae,Aliger,Aliger gigas
13.64,0.0,Eukaryota,Metazoa,Mollusca,Gastropoda,Littorinimorpha,Strombidae,Aliger,
2.94,0.0,Eukaryota,Metazoa,Mollusca,Polyplacophora,Chitonida,,,
0.72,1.31,Eukaryota,Metazoa,Nematoda,Chromadorea,Rhabditida,Onchocercidae,,
2.85,0.0,Eukaryota,Metazoa,Nemertea,Pilidiophora,Heteronemertea,,,
3.82,0.0,Eukaryota,Viridiplantae,Streptophyta,Lycopodiopsida,Selaginellales,Selaginellaceae,Selaginella,
0.0,9.03,Eukaryota,Viridiplantae,Streptophyta,Magnoliopsida,Poales,Poaceae,Oryza,Oryza sativa
0.0,32.06,Eukaryota,Viridiplantae,Streptophyta,Magnoliopsida,Ranunculales,Papaveraceae,,
17.21,20.01,Eukaryota,Viridiplantae,Streptophyta,Magnoliopsida,Rosales,Rhamnaceae,,
0.0,84.63,Eukaryota,unk_k,Apicomplexa,Conoidasida,Eucoccidiorida,Eimeriidae,,
2.76,0.0,Eukaryota,unk_k,Bacillariophyta,Fragilariophyceae,Fragilariales,Fragilariaceae,Fragilaria,Fragilaria sp. RCC4616
18.87,0.0,Eukaryota,unk_k,Bacillariophyta,Fragilariophyceae,Fragilariales,Fragilariaceae,Grammonema,Grammonema striatula
2.76,0.0,Eukaryota,unk_k,Bacillariophyta,Mediophyceae,Triceratiales,,,
0.0,2.0,Eukaryota,unk_k,Euglenozoa,Kinetoplastea,Parabodonida,unk_f,Procryptobia,
2.33,0.0,Eukaryota,unk_k,Evosea,Eumycetozoa,Physariida,Physaraceae,Fuligo,Fuligo septica
0.0,3.74,Eukaryota,unk_k,Heterolobosea,unk_c,unk_o,Vahlkampfiidae,Tetramitus,
3.17,0.0,Eukaryota,unk_k,Oomycota,unk_c,Saprolegniales,Saprolegniaceae,Aphanomyces,Aphanomyces astaci
2.88,0.0,Eukaryota,unk_k,Oomycota,unk_c,Saprolegniales,Saprolegniaceae,Aphanomyces,Aphanomyces euteiches
0.0,4.73,Eukaryota,unk_k,unk_p,Dinophyceae,Dinophysiales,,,
0.0,4.71,Viruses,Heunggongvirae,Uroviricota,Caudoviricetes,Caudovirales,Myoviridae,Tequatrovirus,Escherichia virus T4
0.0,7.12,Viruses,Orthornavirae,Pisuviricota,Pisoniviricetes,Nidovirales,Coronaviridae,Gammacoronavirus,
0.0,59.099999999999994,Viruses,Orthornavirae,Pisuviricota,Pisoniviricetes,Nidovirales,Coronaviridae,,
