ERR4454058.fastq.res,ERR4454065.fastq.res,SRR15674018_1.fastq.res,SRR15674019_1.fastq.res,SRR15674020_1.fastq.res,SRR15674021_1.fastq.res,SRR15674022_1.fastq.res,SRR15674023_1.fastq.res,SRR15674024_1.fastq.res,SRR15674025_1.fastq.res,Superkingdom,Kingdom,Phylum,Class,Order,Family,Genus,Species
0.0,0.0,0.0,0.0,0.0,0.0,0.0,0.0,0.0,0.61,Archaea,unk_k,Euryarchaeota,Halobacteria,Haloferacales,,,
0.0,1.81,0.0,0.0,0.0,0.0,0.0,0.0,0.0,0.0,Archaea,unk_k,unk_p,unk_c,unk_o,unk_f,,
0.6,0.0,0.0,0.0,0.0,0.0,0.0,0.0,0.0,0.0,Archaea,unk_k,unk_p,unk_c,unk_o,unk_f,unk_g,uncultured archaeon
0.0,0.0,0.0,0.0,0.0,0.0,0.0,0.0,10.34,0.0,Bacteria,unk_k,Actinobacteria,Actinomycetia,Actinomycetales,Actinomycetaceae,Actinomyces,Actinomyces sp. 2012420595
0.0,0.0,0.0,0.0,0.0,0.0,0.0,0.0,6.09,14.26,Bacteria,unk_k,Actinobacteria,Actinomycetia,Actinomycetales,Actinomycetaceae,Actinomyces,Actinomyces sp. A3
0.0,7.47,0.0,0.0,0.0,0.0,0.0,0.0,0.0,0.0,Bacteria,unk_k,Actinobacteria,Actinomycetia,Actinomycetales,Actinomycetaceae,Actinomyces,Actinomyces succiniciruminis
0.0,0.4,0.0,0.0,0.0,0.0,0.0,0.0,0.0,0.0,Bacteria,unk_k,Actinobacteria,Actinomycetia,Actinomycetales,Actinomycetaceae,Actinomyces,
57.620000000000005,1520.5900000000001,0.0,0.0,0.0,0.0,0.0,0.0,0.0,0.0,Bacteria,unk_k,Actinobacteria,Actinomycetia,Actinomycetales,Actinomycetaceae,Actinomyces,uncultured Actinomyces sp.
0.0,1.74,0.0,0.0,0.0,0.0,0.0,0.0,0.0,0.0,Bacteria,unk_k,Actinobacteria,Actinomycetia,Actinomycetales,Actinomycetaceae,Schaalia,Schaalia odontolytica
0.0,1.22,0.0,0.0,0.0,0.92,0.0,0.0,0.0,0.0,Bacteria,unk_k,Actinobacteria,Actinomycetia,Actinomycetales,unk_f,,
0.0,1.83,0.0,0.0,0.0,0.0,0.0,0.0,0.0,0.0,Bacteria,unk_k,Actinobacteria,Actinomycetia,Actinomycetales,unk_f,unk_g,
0.63,1.0,0.0,0.0,0.0,0.0,0.0,0.0,15.08,0.0,Bacteria,unk_k,Actinobacteria,Actinomycetia,Actinomycetales,unk_f,unk_g,uncultured Actinomycetales bacterium
0.0,0.0,9.7,0.0,0.0,0.0,0.0,0.0,0.0,0.0,Bacteria,unk_k,Actinobacteria,Actinomycetia,Actinomycetales,unk_f,unk_g,uncultured actinomycete
0.0,4.4,0.0,0.0,0.0,0.0,0.0,0.0,0.0,0.0,Bacteria,unk_k,Actinobacteria,Actinomycetia,Bifidobacteriales,Bifidobacteriaceae,Alloscardovia,Alloscardovia omnicolens
0.0,0.0,4.71,0.0,0.51,0.0,0.0,0.0,0.0,0.0,Bacteria,unk_k,Actinobacteria,Actinomycetia,Bifidobacteriales,Bifidobacteriaceae,Bifidobacterium,
0.62,23.54,0.0,6.43,22.3,8.59,0.0,16.12,20.68,10.27,Bacteria,unk_k,Actinobacteria,Actinomycetia,Bifidobacteriales,Bifidobacteriaceae,Bifidobacterium,uncultured Bifidobacterium sp.
0.6,0.0,0.0,0.0,0.0,0.0,0.0,0.0,0.0,0.0,Bacteria,unk_k,Actinobacteria,Actinomycetia,Bifidobacteriales,Bifidobacteriaceae,Gardnerella,uncultured Gardnerella sp.
1.81,0.0,0.0,0.0,0.0,0.0,0.0,0.0,0.0,0.0,Bacteria,unk_k,Actinobacteria,Actinomycetia,Bifidobacteriales,Bifidobacteriaceae,Scardovia,uncultured Scardovia sp.
0.0,0.0,0.0,0.0,0.0,0.0,0.0,0.89,0.0,0.0,Bacteria,unk_k,Actinobacteria,Actinomycetia,Bifidobacteriales,,,
0.0,0.0,0.0,0.0,0.0,0.0,0.0,0.0,44.66,17.11,Bacteria,unk_k,Actinobacteria,Actinomycetia,Corynebacteriales,Corynebacteriaceae,Corynebacterium,Corynebacterium sp.
0.0,0.0,0.0,0.0,0.0,0.0,0.0,0.0,20.7,0.0,Bacteria,unk_k,Actinobacteria,Actinomycetia,Corynebacteriales,Corynebacteriaceae,Corynebacterium,Corynebacterium striatum
0.59,0.0,0.0,0.0,0.0,0.0,0.0,0.0,0.0,0.0,Bacteria,unk_k,Actinobacteria,Actinomycetia,Corynebacteriales,Corynebacteriaceae,Corynebacterium,
0.0,1.8399999999999999,4.12,0.0,3.07,0.0,0.0,0.0,0.0,0.0,Bacteria,unk_k,Actinobacteria,Actinomycetia,Corynebacteriales,Corynebacteriaceae,Corynebacterium,uncultured Corynebacterium sp.
0.0,0.0,0.0,0.0,0.0,0.0,4.42,0.0,0.0,0.0,Bacteria,unk_k,Actinobacteria,Actinomycetia,Micrococcales,Brevibacteriaceae,,
0.0,0.0,0.0,0.0,0.0,0.0,0.0,0.0,9.53,0.0,Bacteria,unk_k,Actinobacteria,Actinomycetia,Micrococcales,Dermabacteraceae,Dermabacter,Dermabacter hominis
0.0,0.0,0.0,0.0,0.0,0.0,0.0,0.0,18.79,0.0,Bacteria,unk_k,Actinobacteria,Actinomycetia,Micrococcales,Dermabacteraceae,Dermabacter,
0.0,0.0,0.0,0.0,0.0,0.0,0.0,0.0,0.77,0.0,Bacteria,unk_k,Actinobacteria,Actinomycetia,Micrococcales,Microbacteriaceae,Curtobacterium,Curtobacterium sp.
0.0,0.0,0.0,0.0,0.0,0.0,0.0,0.0,0.54,0.0,Bacteria,unk_k,Actinobacteria,Actinomycetia,Micrococcales,Micrococcaceae,Arthrobacter,
0.0,1.88,0.0,0.0,0.0,0.0,0.0,0.0,0.0,0.0,Bacteria,unk_k,Actinobacteria,Actinomycetia,Micrococcales,Micrococcaceae,,
0.0,0.0,17.49,0.0,0.0,0.0,0.0,0.0,0.0,0.0,Bacteria,unk_k,Actinobacteria,Actinomycetia,Micrococcales,Micrococcaceae,Nesterenkonia,
0.0,0.0,0.0,7.38,14.16,3.86,54.65,14.46,148.02,35.57,Bacteria,unk_k,Actinobacteria,Actinomycetia,Micrococcales,Micrococcaceae,Nesterenkonia,Nesterenkonia flava
0.61,0.0,0.0,0.0,0.0,0.0,0.0,0.0,0.0,0.0,Bacteria,unk_k,Actinobacteria,Actinomycetia,Micrococcales,Micrococcaceae,Rothia,Rothia mucilaginosa
304.53000000000003,568.66,0.0,0.0,0.0,0.0,0.0,0.0,0.0,0.0,Bacteria,unk_k,Actinobacteria,Actinomycetia,Micrococcales,Micrococcaceae,Rothia,uncultured Rothia sp.
0.0,0.0,0.0,0.0,0.0,5.58,0.0,7.01,0.0,0.0,Bacteria,unk_k,Actinobacteria,Actinomycetia,Micrococcales,,,
0.0,0.0,0.0,0.0,0.73,0.0,0.0,0.0,0.0,0.0,Bacteria,unk_k,Actinobacteria,Actinomycetia,Propionibacteriales,,,
0.0,0.88,0.0,0.0,0.0,0.0,0.0,0.0,4.15,7.53,Bacteria,unk_k,Actinobacteria,Actinomycetia,Propionibacteriales,Propionibacteriaceae,Propionibacterium,uncultured Propionibacterium sp.
34.17,23.03,0.0,0.0,0.0,0.0,0.0,5.56,52.32,0.0,Bacteria,unk_k,Actinobacteria,Actinomycetia,unk_o,unk_f,unk_g,uncultured actinobacterium
7.81,1.6099999999999999,0.0,0.0,0.0,0.0,0.0,0.0,0.0,0.0,Bacteria,unk_k,Actinobacteria,Coriobacteriia,Coriobacteriales,Atopobiaceae,Atopobium,uncultured Atopobium sp.
2.25,54.85,0.0,0.0,0.0,0.0,0.0,0.0,0.0,0.0,Bacteria,unk_k,Actinobacteria,Coriobacteriia,Coriobacteriales,Atopobiaceae,Lancefieldella,Lancefieldella parvula
0.0,0.0,0.0,0.0,0.0,0.0,0.0,0.79,0.0,0.0,Bacteria,unk_k,Actinobacteria,Coriobacteriia,Coriobacteriales,Atopobiaceae,Olsenella,
0.0,0.0,0.0,0.0,0.0,9.27,0.0,0.0,0.0,0.0,Bacteria,unk_k,Actinobacteria,Coriobacteriia,Coriobacteriales,Coriobacteriaceae,,
0.0,0.0,0.0,0.0,0.0,207.91,45.11,43.79,0.0,0.0,Bacteria,unk_k,Actinobacteria,Coriobacteriia,Coriobacteriales,Coriobacteriaceae,Parvibacter,
0.0,1.65,0.0,0.0,0.0,0.0,0.0,0.0,0.0,0.0,Bacteria,unk_k,Actinobacteria,Coriobacteriia,Coriobacteriales,Coriobacteriaceae,unk_g,uncultured Coriobacteriaceae bacterium
0.0,0.0,0.0,0.0,0.0,0.0,0.0,101.47,14.21,0.0,Bacteria,unk_k,Actinobacteria,Coriobacteriia,Coriobacteriales,unk_f,unk_g,
0.0,0.0,0.0,0.0,4.56,148.83,90.2,0.0,0.0,0.0,Bacteria,unk_k,Actinobacteria,Coriobacteriia,Coriobacteriales,unk_f,unk_g,uncultured Coriobacteriales bacterium
0.0,0.0,0.0,6.18,39.77,340.95,102.88,246.46,65.99,10.68,Bacteria,unk_k,Actinobacteria,Coriobacteriia,Eggerthellales,Eggerthellaceae,Adlercreutzia,Adlercreutzia mucosicola
0.0,0.0,0.0,0.0,0.0,212.01,596.47,110.65,108.5,4.42,Bacteria,unk_k,Actinobacteria,Coriobacteriia,Eggerthellales,Eggerthellaceae,Adlercreutzia,Adlercreutzia muris
0.0,0.0,0.0,0.0,19.65,11.809999999999999,0.0,0.0,0.0,0.0,Bacteria,unk_k,Actinobacteria,Coriobacteriia,Eggerthellales,Eggerthellaceae,Adlercreutzia,
0.0,0.0,0.0,0.0,3.02,20.22,6.78,9.67,24.38,0.0,Bacteria,unk_k,Actinobacteria,Coriobacteriia,Eggerthellales,Eggerthellaceae,Enterorhabdus,Enterorhabdus sp.
0.0,0.0,0.0,0.0,0.0,79.59,10.24,161.94,0.0,0.0,Bacteria,unk_k,Actinobacteria,Coriobacteriia,Eggerthellales,Eggerthellaceae,Enterorhabdus,
0.0,0.0,131.77,0.0,8.61,2983.24,25.880000000000003,263.1,2234.58,5248.01,Bacteria,unk_k,Bacteroidetes,Bacteroidia,Bacteroidales,Bacteroidaceae,Bacteroides,Bacteroides acidifaciens
0.0,0.0,0.0,0.0,0.0,0.0,0.0,0.0,5.25,0.0,Bacteria,unk_k,Bacteroidetes,Bacteroidia,Bacteroidales,Bacteroidaceae,Bacteroides,Bacteroides rodentium
0.0,1.23,1.73,0.0,0.0,70.13,13369.66,4.2,2.64,8.27,Bacteria,unk_k,Bacteroidetes,Bacteroidia,Bacteroidales,Bacteroidaceae,Bacteroides,
4.05,9.04,7.109999999999999,0.0,0.0,50.5,19.81,6.94,3.1,0.0,Bacteria,unk_k,Bacteroidetes,Bacteroidia,Bacteroidales,Bacteroidaceae,Bacteroides,uncultured Bacteroides sp.
0.0,0.0,0.0,0.0,0.0,70.52,29.31,8.69,0.65,8.49,Bacteria,unk_k,Bacteroidetes,Bacteroidia,Bacteroidales,Bacteroidaceae,,
0.0,0.0,0.0,0.0,0.0,0.0,9.21,0.0,0.0,5.62,Bacteria,unk_k,Bacteroidetes,Bacteroidia,Bacteroidales,Bacteroidaceae,unk_g,
0.0,0.0,0.0,0.0,0.0,0.0,0.0,0.0,12.03,14.28,Bacteria,unk_k,Bacteroidetes,Bacteroidia,Bacteroidales,Bacteroidaceae,unk_g,uncultured Bacteroidaceae bacterium
0.0,0.0,0.0,13.790000000000001,28.85,73.15,0.0,0.0,11.1,0.0,Bacteria,unk_k,Bacteroidetes,Bacteroidia,Bacteroidales,Barnesiellaceae,Barnesiella,
0.0,0.0,1.72,0.0,7.82,677.61,186.82999999999998,422.68,53.24,669.79,Bacteria,unk_k,Bacteroidetes,Bacteroidia,Bacteroidales,Barnesiellaceae,Barnesiella,uncultured Barnesiella sp.
0.0,0.0,8.05,0.0,4.66,2146.22,160.87,379.9,15.69,13.610000000000001,Bacteria,unk_k,Bacteroidetes,Bacteroidia,Bacteroidales,Barnesiellaceae,,
0.0,0.0,0.0,0.0,1.24,0.0,0.0,2.39,0.0,0.0,Bacteria,unk_k,Bacteroidetes,Bacteroidia,Bacteroidales,Muribaculaceae,Duncaniella,Duncaniella dubosii
0.0,0.0,0.0,0.0,4.55,0.0,7.84,0.0,16.38,10.08,Bacteria,unk_k,Bacteroidetes,Bacteroidia,Bacteroidales,Muribaculaceae,Duncaniella,Duncaniella muris
0.0,0.0,0.0,0.0,0.0,0.0,0.0,10.71,0.0,1.52,Bacteria,unk_k,Bacteroidetes,Bacteroidia,Bacteroidales,Muribaculaceae,Duncaniella,
0.0,0.0,6.13,11.18,0.0,22.81,0.0,0.0,0.0,3.93,Bacteria,unk_k,Bacteroidetes,Bacteroidia,Bacteroidales,Muribaculaceae,Muribaculum,Muribaculum intestinale
0.0,0.0,0.0,0.0,1.26,385.56,9.42,0.0,0.0,0.0,Bacteria,unk_k,Bacteroidetes,Bacteroidia,Bacteroidales,Muribaculaceae,Muribaculum,Muribaculum sp.
0.0,0.0,7.81,5.34,88.43,3525.8199999999997,44.98,656.79,0.0,4.17,Bacteria,unk_k,Bacteroidetes,Bacteroidia,Bacteroidales,Muribaculaceae,Muribaculum,
0.0,0.0,0.0,0.0,9.94,1551.33,28.66,1046.02,0.0,0.0,Bacteria,unk_k,Bacteroidetes,Bacteroidia,Bacteroidales,Muribaculaceae,,
0.0,0.0,0.0,0.0,3.37,0.0,0.0,5.88,2.19,0.0,Bacteria,unk_k,Bacteroidetes,Bacteroidia,Bacteroidales,Muribaculaceae,Paramuribaculum,Paramuribaculum intestinale
0.61,0.0,0.0,0.0,0.0,0.0,0.0,0.0,0.0,0.0,Bacteria,unk_k,Bacteroidetes,Bacteroidia,Bacteroidales,Muribaculaceae,unk_g,
0.0,0.0,0.0,0.0,0.0,17.77,0.0,2.73,0.0,0.0,Bacteria,unk_k,Bacteroidetes,Bacteroidia,Bacteroidales,Muribaculaceae,unk_g,uncultured Muribaculaceae bacterium
0.0,0.0,0.0,0.0,0.0,1.46,0.0,0.7,0.0,0.0,Bacteria,unk_k,Bacteroidetes,Bacteroidia,Bacteroidales,,,
0.0,0.0,0.0,0.0,4.16,25.55,0.0,6.94,3.23,0.0,Bacteria,unk_k,Bacteroidetes,Bacteroidia,Bacteroidales,Odoribacteraceae,Culturomica,Culturomica sp.
0.0,0.0,0.0,0.0,0.0,0.0,6.05,0.0,0.0,0.0,Bacteria,unk_k,Bacteroidetes,Bacteroidia,Bacteroidales,Odoribacteraceae,Culturomica,
0.0,0.0,0.0,0.0,0.0,0.0,0.34,0.0,0.0,0.0,Bacteria,unk_k,Bacteroidetes,Bacteroidia,Bacteroidales,Odoribacteraceae,Odoribacter,uncultured Odoribacter sp.
0.62,0.0,0.0,0.0,0.0,0.0,0.0,0.0,0.0,0.0,Bacteria,unk_k,Bacteroidetes,Bacteroidia,Bacteroidales,Porphyromonadaceae,Falsiporphyromonas,uncultured Falsiporphyromonas sp.
0.0,0.0,2.54,0.0,1.52,329.34000000000003,24.33,34.79,0.0,0.0,Bacteria,unk_k,Bacteroidetes,Bacteroidia,Bacteroidales,Porphyromonadaceae,,
3.64,1.23,0.0,0.0,0.0,0.0,0.0,0.0,0.0,0.0,Bacteria,unk_k,Bacteroidetes,Bacteroidia,Bacteroidales,Porphyromonadaceae,Porphyromonas,uncultured Porphyromonas sp.
0.0,0.0,21.97,11.94,60.230000000000004,14872.900000000001,895.41,196.85,65.21000000000001,19.94,Bacteria,unk_k,Bacteroidetes,Bacteroidia,Bacteroidales,Porphyromonadaceae,unk_g,uncultured Porphyromonadaceae bacterium
8.14,0.0,0.0,0.0,0.0,0.0,0.0,0.0,0.0,0.0,Bacteria,unk_k,Bacteroidetes,Bacteroidia,Bacteroidales,Prevotellaceae,Alloprevotella,Alloprevotella tannerae
0.0,1.21,0.0,0.0,0.0,0.0,0.0,0.0,0.0,0.0,Bacteria,unk_k,Bacteroidetes,Bacteroidia,Bacteroidales,Prevotellaceae,Alloprevotella,uncultured Alloprevotella sp.
1.21,2.9699999999999998,0.0,0.0,0.0,0.0,4.58,67.39,0.0,0.0,Bacteria,unk_k,Bacteroidetes,Bacteroidia,Bacteroidales,Prevotellaceae,,
0.61,0.0,0.0,0.0,0.0,2.0,0.0,0.0,0.0,0.0,Bacteria,unk_k,Bacteroidetes,Bacteroidia,Bacteroidales,Prevotellaceae,Prevotella,
0.6,1.8199999999999998,2.76,0.0,0.0,0.0,0.0,0.0,0.0,0.0,Bacteria,unk_k,Bacteroidetes,Bacteroidia,Bacteroidales,Prevotellaceae,Prevotella,Prevotella melaninogenica
0.0,0.0,0.0,0.0,0.0,0.0,4.12,32.48,0.0,0.0,Bacteria,unk_k,Bacteroidetes,Bacteroidia,Bacteroidales,Prevotellaceae,Prevotella,Prevotella sp.
0.75,1.0,0.0,0.0,0.0,0.0,0.0,0.0,0.0,0.0,Bacteria,unk_k,Bacteroidetes,Bacteroidia,Bacteroidales,Prevotellaceae,Prevotella,Prevotella sp. oral taxon 298
1141.44,1556.6599999999999,0.0,0.0,0.0,0.0,0.0,0.0,0.0,0.0,Bacteria,unk_k,Bacteroidetes,Bacteroidia,Bacteroidales,Prevotellaceae,Prevotella,uncultured Prevotella sp.
237.37,0.0,0.0,0.0,0.0,77.22,453.5,1823.53,0.0,0.0,Bacteria,unk_k,Bacteroidetes,Bacteroidia,Bacteroidales,Prevotellaceae,unk_g,uncultured Prevotellaceae bacterium
0.0,0.0,0.0,0.0,0.0,11.07,0.0,0.0,0.0,0.0,Bacteria,unk_k,Bacteroidetes,Bacteroidia,Bacteroidales,Rikenellaceae,Alistipes,Alistipes sp.
0.0,0.0,0.0,0.0,0.0,0.0,0.0,5.88,2.4,0.0,Bacteria,unk_k,Bacteroidetes,Bacteroidia,Bacteroidales,Rikenellaceae,Alistipes,
0.0,0.61,0.0,0.0,7.2,1162.97,1.22,24.33,0.0,0.0,Bacteria,unk_k,Bacteroidetes,Bacteroidia,Bacteroidales,Rikenellaceae,Alistipes,uncultured Alistipes sp.
0.0,0.0,0.48,0.31,0.0,12.81,0.0,0.0,3.28,1.22,Bacteria,unk_k,Bacteroidetes,Bacteroidia,Bacteroidales,Rikenellaceae,,
0.0,0.0,0.0,0.0,0.0,0.0,0.0,0.75,1.0,0.0,Bacteria,unk_k,Bacteroidetes,Bacteroidia,Bacteroidales,Rikenellaceae,Rikenella,uncultured Rikenella sp.
1.23,0.0,0.0,0.0,0.0,0.0,0.0,0.0,0.0,0.0,Bacteria,unk_k,Bacteroidetes,Bacteroidia,Bacteroidales,Tannerellaceae,Parabacteroides,uncultured Parabacteroides sp.
1.88,0.0,0.0,0.0,0.0,0.0,0.0,0.0,0.0,0.0,Bacteria,unk_k,Bacteroidetes,Bacteroidia,Bacteroidales,Tannerellaceae,Tannerella,Tannerella forsythia
0.54,0.0,0.0,0.0,53.730000000000004,3301.71,258.32,713.1899999999999,8.59,0.61,Bacteria,unk_k,Bacteroidetes,Bacteroidia,Bacteroidales,unk_f,,
0.0,0.0,7.5600000000000005,5.47,8.3,1313.8300000000002,255.91,93.25,9.07,0.0,Bacteria,unk_k,Bacteroidetes,Bacteroidia,Bacteroidales,unk_f,unk_g,
20.88,2.42,78.04,10.45,22.9,758.64,2478.79,1729.09,38.07,25.02,Bacteria,unk_k,Bacteroidetes,Bacteroidia,Bacteroidales,unk_f,unk_g,uncultured Bacteroidales bacterium
0.0,0.0,0.0,0.0,0.0,3.61,0.0,0.0,0.0,0.0,Bacteria,unk_k,Bacteroidetes,Bacteroidia,unk_o,unk_f,,
26.97,3.0900000000000003,0.0,0.0,0.0,0.0,0.0,0.0,0.0,0.0,Bacteria,unk_k,Bacteroidetes,Flavobacteriia,Flavobacteriales,Flavobacteriaceae,Capnocytophaga,uncultured Capnocytophaga sp.
0.0,0.0,0.0,0.0,0.0,0.0,0.0,0.0,11.83,0.0,Bacteria,unk_k,Bacteroidetes,Flavobacteriia,Flavobacteriales,Weeksellaceae,Cloacibacterium,uncultured Cloacibacterium sp.
4.31,1.23,0.0,0.0,0.0,0.0,0.0,0.0,0.0,0.0,Bacteria,unk_k,Bacteroidetes,Flavobacteriia,Flavobacteriales,Weeksellaceae,Elizabethkingia,uncultured Elizabethkingia sp.
0.7,0.0,0.0,0.0,0.0,0.0,0.0,0.0,0.0,0.0,Bacteria,unk_k,Bacteroidetes,Flavobacteriia,Flavobacteriales,unk_f,unk_g,uncultured Flavobacteriales bacterium
0.0,0.0,0.0,0.0,0.0,0.0,0.0,0.0,0.0,5.62,Bacteria,unk_k,Bacteroidetes,Sphingobacteriia,unk_o,unk_f,unk_g,uncultured Sphingobacteriia bacterium
0.0,0.0,0.0,0.0,0.0,10.65,0.0,0.0,0.0,0.0,Bacteria,unk_k,Bacteroidetes,unk_c,unk_o,,,
0.0,0.0,8.58,2.48,1.15,1155.13,228.31,681.76,0.0,0.0,Bacteria,unk_k,Bacteroidetes,unk_c,unk_o,unk_f,,
0.71,0.0,0.0,0.0,0.0,0.0,0.0,0.0,0.0,0.0,Bacteria,unk_k,Bacteroidetes,unk_c,unk_o,unk_f,unk_g,
0.0,1.06,0.0,0.0,0.0,0.0,0.0,0.0,0.67,0.0,Bacteria,unk_k,Bacteroidetes,unk_c,unk_o,unk_f,unk_g,uncultured Bacteroidetes bacterium
14.14,4.91,0.0,0.0,0.0,0.0,0.0,0.0,0.0,5.51,Bacteria,unk_k,Cyanobacteria,unk_c,unk_o,unk_f,unk_g,uncultured cyanobacterium
0.0,0.0,9.05,8.48,26.41,3.87,15.49,7.13,0.0,77.18,Bacteria,unk_k,Firmicutes,Bacilli,Bacillales,Bacillaceae,Aeribacillus,Aeribacillus pallidus
0.0,0.0,0.0,0.0,0.0,0.0,0.0,0.0,119.46,0.0,Bacteria,unk_k,Firmicutes,Bacilli,Bacillales,Bacillaceae,Aeribacillus,
0.0,0.0,0.0,0.0,0.0,0.0,0.0,3.09,0.0,0.0,Bacteria,unk_k,Firmicutes,Bacilli,Bacillales,Bacillaceae,Bacillus,Bacillus sp. TA2.A1
0.0,0.0,0.0,0.0,0.0,0.0,0.0,0.0,14.43,0.0,Bacteria,unk_k,Firmicutes,Bacilli,Bacillales,Bacillaceae,Bacillus,
0.0,0.0,6.43,0.0,3.42,0.0,6.209999999999999,2.93,43.78,48.43,Bacteria,unk_k,Firmicutes,Bacilli,Bacillales,Bacillaceae,Bacillus,uncultured Bacillus sp.
0.0,0.0,29.15,11.75,55.03,8.66,74.42,39.25,88.04,307.27,Bacteria,unk_k,Firmicutes,Bacilli,Bacillales,Bacillaceae,Geobacillus,uncultured Geobacillus sp.
0.0,0.6,7.1,3.38,6.65,0.0,13.32,6.98,30.09,50.37,Bacteria,unk_k,Firmicutes,Bacilli,Bacillales,Bacillaceae,,
0.0,0.0,2.92,0.0,2.91,0.0,4.03,3.28,8.98,17.91,Bacteria,unk_k,Firmicutes,Bacilli,Bacillales,Bacillaceae,Oceanobacillus,Oceanobacillus limi
0.0,0.0,0.0,0.0,0.0,0.52,0.0,0.0,0.0,0.0,Bacteria,unk_k,Firmicutes,Bacilli,Bacillales,Bacillaceae,Ornithinibacillus,uncultured Ornithinibacillus sp.
0.0,0.0,0.0,0.0,0.0,0.0,0.0,0.0,0.0,4.23,Bacteria,unk_k,Firmicutes,Bacilli,Bacillales,Bacillaceae,Parageobacillus,Parageobacillus toebii
0.0,0.0,0.0,0.0,0.0,0.0,0.0,0.0,0.0,7.93,Bacteria,unk_k,Firmicutes,Bacilli,Bacillales,Paenibacillaceae,Brevibacillus,
0.59,0.0,0.0,0.0,0.0,0.0,0.0,0.0,0.0,0.0,Bacteria,unk_k,Firmicutes,Bacilli,Bacillales,Staphylococcaceae,Staphylococcus,
0.0,5.54,0.0,0.0,0.0,0.0,0.0,0.0,0.0,0.0,Bacteria,unk_k,Firmicutes,Bacilli,Bacillales,Staphylococcaceae,Staphylococcus,Staphylococcus aureus
0.0,0.0,0.0,0.0,0.0,0.0,0.0,0.0,0.0,34.46,Bacteria,unk_k,Firmicutes,Bacilli,Bacillales,Staphylococcaceae,Staphylococcus,Staphylococcus hominis
0.0,0.61,0.0,0.0,0.0,0.0,0.0,0.0,8.09,0.0,Bacteria,unk_k,Firmicutes,Bacilli,Bacillales,Staphylococcaceae,Staphylococcus,uncultured Staphylococcus sp.
0.0,0.0,0.0,0.0,0.0,0.0,0.0,0.0,3.75,0.0,Bacteria,unk_k,Firmicutes,Bacilli,Bacillales,unk_f,Exiguobacterium,uncultured Exiguobacterium sp.
0.0,0.33,0.0,0.0,0.0,0.0,0.0,0.0,0.0,0.0,Bacteria,unk_k,Firmicutes,Bacilli,Bacillales,unk_f,Gemella,
35.08,70.15,0.0,0.0,0.0,0.0,0.0,0.0,0.0,0.0,Bacteria,unk_k,Firmicutes,Bacilli,Bacillales,unk_f,Gemella,uncultured Gemella sp.
0.0,0.63,0.0,0.0,0.0,0.0,0.0,0.0,0.0,0.0,Bacteria,unk_k,Firmicutes,Bacilli,Lactobacillales,Carnobacteriaceae,unk_g,
0.0,0.0,10.91,0.0,0.0,10.52,0.0,0.0,11.09,0.0,Bacteria,unk_k,Firmicutes,Bacilli,Lactobacillales,Enterococcaceae,Enterococcus,Enterococcus faecalis
0.0,0.0,0.0,0.0,0.0,0.0,0.0,0.0,4.63,0.0,Bacteria,unk_k,Firmicutes,Bacilli,Lactobacillales,Enterococcaceae,Enterococcus,Enterococcus faecium
3.1399999999999997,3.35,5.95,0.0,3.69,48.41,5.07,9.93,14.64,3.74,Bacteria,unk_k,Firmicutes,Bacilli,Lactobacillales,Enterococcaceae,Enterococcus,
0.0,0.84,676.67,12.89,222.35,1092.79,501.06,332.69,1211.65,252.29,Bacteria,unk_k,Firmicutes,Bacilli,Lactobacillales,Enterococcaceae,Enterococcus,uncultured Enterococcus sp.
0.0,0.0,0.0,0.0,0.0,0.0,0.0,8.52,0.0,0.0,Bacteria,unk_k,Firmicutes,Bacilli,Lactobacillales,Enterococcaceae,,
0.0,0.0,0.0,0.0,1.19,48.29,0.0,0.0,0.0,0.0,Bacteria,unk_k,Firmicutes,Bacilli,Lactobacillales,Lactobacillaceae,Lactobacillus,
1.83,62.68000000000001,89.01,10.34,65.5,82.91,14.01,39.41,439.04999999999995,0.0,Bacteria,unk_k,Firmicutes,Bacilli,Lactobacillales,Lactobacillaceae,Lactobacillus,uncultured Lactobacillus sp.
0.0,0.0,0.0,59.54,0.0,1638.85,467.13,399.55,0.0,0.0,Bacteria,unk_k,Firmicutes,Bacilli,Lactobacillales,Lactobacillaceae,Ligilactobacillus,Ligilactobacillus animalis
0.0,0.0,0.8,0.0,0.0,0.0,0.0,0.0,0.0,0.0,Bacteria,unk_k,Firmicutes,Bacilli,Lactobacillales,Lactobacillaceae,Ligilactobacillus,Ligilactobacillus murinus
0.0,0.7,705.86,0.0,687.03,0.0,0.0,0.0,0.0,0.0,Bacteria,unk_k,Firmicutes,Bacilli,Lactobacillales,Lactobacillaceae,Ligilactobacillus,
0.0,0.0,4.14,0.0,0.0,0.0,0.0,1.3,6.27,0.0,Bacteria,unk_k,Firmicutes,Bacilli,Lactobacillales,Lactobacillaceae,Limosilactobacillus,Limosilactobacillus reuteri
0.59,0.51,0.0,0.0,4.9,26.03,0.0,9.36,0.0,0.0,Bacteria,unk_k,Firmicutes,Bacilli,Lactobacillales,Lactobacillaceae,,
3.64,0.0,0.0,0.0,0.0,0.0,0.0,18.810000000000002,0.0,0.0,Bacteria,unk_k,Firmicutes,Bacilli,Lactobacillales,Streptococcaceae,,
4.08,7.49,0.0,0.0,0.0,0.0,0.0,0.0,0.0,0.0,Bacteria,unk_k,Firmicutes,Bacilli,Lactobacillales,Streptococcaceae,Streptococcus,
0.0,0.0,12.64,0.0,12.8,4.28,13.92,94.19,29.25,0.0,Bacteria,unk_k,Firmicutes,Bacilli,Lactobacillales,Streptococcaceae,Streptococcus,Streptococcus danieliae
0.0,4.99,0.0,0.0,0.0,0.0,0.0,0.0,0.0,0.0,Bacteria,unk_k,Firmicutes,Bacilli,Lactobacillales,Streptococcaceae,Streptococcus,Streptococcus salivarius
1.78,0.59,0.0,0.0,0.0,0.0,0.0,0.0,0.0,0.0,Bacteria,unk_k,Firmicutes,Bacilli,Lactobacillales,Streptococcaceae,Streptococcus,Streptococcus sinensis
0.0,0.0,0.0,0.0,0.0,0.0,0.0,0.0,5.68,8.15,Bacteria,unk_k,Firmicutes,Bacilli,Lactobacillales,Streptococcaceae,Streptococcus,Streptococcus sp. 6(2018)
7.59,2.6,0.0,0.0,0.0,0.0,0.0,0.0,0.0,0.0,Bacteria,unk_k,Firmicutes,Bacilli,Lactobacillales,Streptococcaceae,Streptococcus,Streptococcus sp. C810
0.44,0.0,0.0,0.0,0.0,0.0,0.0,0.0,0.0,0.0,Bacteria,unk_k,Firmicutes,Bacilli,Lactobacillales,Streptococcaceae,Streptococcus,Streptococcus sp. HFH0007
58.75,16.38,0.0,0.0,0.0,0.0,0.0,0.0,0.0,0.0,Bacteria,unk_k,Firmicutes,Bacilli,Lactobacillales,Streptococcaceae,Streptococcus,Streptococcus sp. oral taxon 058
0.53,1.05,0.0,0.0,0.0,0.0,0.0,0.0,0.0,0.0,Bacteria,unk_k,Firmicutes,Bacilli,Lactobacillales,Streptococcaceae,Streptococcus,Streptococcus sp. oral taxon 065
0.0,0.52,0.0,0.0,0.0,0.0,0.0,0.0,0.0,0.0,Bacteria,unk_k,Firmicutes,Bacilli,Lactobacillales,Streptococcaceae,Streptococcus,Streptococcus sp. oral taxon 066
1.33,0.0,0.0,0.0,0.0,0.0,0.0,0.0,0.0,0.0,Bacteria,unk_k,Firmicutes,Bacilli,Lactobacillales,Streptococcaceae,Streptococcus,Streptococcus sp. oral taxon 070
1.73,0.0,0.0,0.0,0.0,0.0,0.0,0.0,0.0,0.0,Bacteria,unk_k,Firmicutes,Bacilli,Lactobacillales,Streptococcaceae,Streptococcus,Streptococcus sp. oral taxon 071
2.32,0.0,0.0,0.0,0.0,0.0,0.0,0.0,0.0,0.0,Bacteria,unk_k,Firmicutes,Bacilli,Lactobacillales,Streptococcaceae,Streptococcus,Streptococcus sp. oral taxon 431
59.03,30.009999999999998,0.0,0.0,0.0,0.0,0.0,0.0,4.2,7.54,Bacteria,unk_k,Firmicutes,Bacilli,Lactobacillales,Streptococcaceae,Streptococcus,uncultured Streptococcus sp.
1.01,0.0,0.0,0.0,0.0,0.0,0.0,0.0,0.0,0.0,Bacteria,unk_k,Firmicutes,Bacilli,Lactobacillales,Streptococcaceae,unk_g,
4284.57,2180.3,0.0,0.0,0.0,0.0,0.0,0.0,0.0,0.0,Bacteria,unk_k,Firmicutes,Bacilli,Lactobacillales,Streptococcaceae,unk_g,uncultured Streptococcaceae bacterium
0.0,0.0,0.0,0.0,0.0,0.0,0.0,4.68,0.0,0.0,Bacteria,unk_k,Firmicutes,Bacilli,Lactobacillales,unk_f,unk_g,
102.29,120.07,0.0,0.0,0.0,0.0,0.0,0.0,0.0,0.0,Bacteria,unk_k,Firmicutes,Bacilli,Lactobacillales,unk_f,unk_g,uncultured Lactobacillales bacterium
0.68,0.0,0.0,0.0,0.0,0.0,0.0,0.0,0.0,0.0,Bacteria,unk_k,Firmicutes,Bacilli,unk_o,unk_f,unk_g,
117.13,43.17,0.0,0.0,0.0,7.01,0.0,0.0,0.0,0.0,Bacteria,unk_k,Firmicutes,Bacilli,unk_o,unk_f,unk_g,uncultured Bacilli bacterium
0.0,0.0,0.0,0.0,0.0,40.75,0.0,13.45,0.0,0.0,Bacteria,unk_k,Firmicutes,Clostridia,Eubacteriales,Christensenellaceae,unk_g,uncultured Christensenellaceae bacterium
0.0,0.0,0.0,0.0,0.0,0.0,0.0,13.63,0.0,0.0,Bacteria,unk_k,Firmicutes,Clostridia,Eubacteriales,Clostridiaceae,Clostridium,Clostridium massiliamazoniense
0.0,0.0,0.0,0.0,0.0,41.3,0.0,0.0,0.0,0.0,Bacteria,unk_k,Firmicutes,Clostridia,Eubacteriales,Clostridiaceae,Clostridium,Clostridium sp. Clone-49
0.0,0.0,4043.1400000000003,9373.859999999999,13786.09,35736.69,15078.33,68037.49999999999,10112.119999999999,1125.1,Bacteria,unk_k,Firmicutes,Clostridia,Eubacteriales,Clostridiaceae,Clostridium,
0.0,0.0,2.47,73.16,163.45,1690.47,145.32,1709.38,37.55,0.0,Bacteria,unk_k,Firmicutes,Clostridia,Eubacteriales,Clostridiaceae,Clostridium,uncultured Clostridium sp.
0.0,0.0,4.94,48.44,79.67,180.17,71.93,669.14,9.469999999999999,0.0,Bacteria,unk_k,Firmicutes,Clostridia,Eubacteriales,Clostridiaceae,,
0.0,0.0,85.77,173.8,372.48,1950.94,196.58,1336.78,211.77,25.25,Bacteria,unk_k,Firmicutes,Clostridia,Eubacteriales,Clostridiaceae,unk_g,
0.0,0.0,988.4,2509.36,3404.5499999999997,9247.989999999998,4253.969999999999,25023.06,2742.33,315.45,Bacteria,unk_k,Firmicutes,Clostridia,Eubacteriales,Clostridiaceae,unk_g,uncultured Clostridiaceae bacterium
0.0,0.0,0.0,0.0,0.0,4.54,22.07,7.84,0.0,0.0,Bacteria,unk_k,Firmicutes,Clostridia,Eubacteriales,Clostridiales Family XIV. Incertae Sedis,,
0.0,0.0,11.52,0.0,5.63,169.23,8.82,12.36,25.61,0.0,Bacteria,unk_k,Firmicutes,Clostridia,Eubacteriales,Clostridiales Family XIV. Incertae Sedis,unk_g,
0.0,0.0,0.0,0.0,3.34,0.0,0.0,0.0,0.0,0.0,Bacteria,unk_k,Firmicutes,Clostridia,Eubacteriales,Clostridiales Family XIV. Incertae Sedis,unk_g,uncultured Clostridiales Family XIV bacterium
0.0,0.0,0.0,0.0,0.0,0.0,0.0,5.83,0.0,0.0,Bacteria,unk_k,Firmicutes,Clostridia,Eubacteriales,Defluviitaleaceae,,
0.0,0.0,0.0,0.0,0.0,118.04,0.0,24.66,0.0,0.0,Bacteria,unk_k,Firmicutes,Clostridia,Eubacteriales,Defluviitaleaceae,unk_g,uncultured Defluviitaleaceae bacterium
0.0,0.0,0.0,0.0,0.0,0.0,0.0,15.54,0.0,0.0,Bacteria,unk_k,Firmicutes,Clostridia,Eubacteriales,Eubacteriales Family XIII. Incertae Sedis,Anaerovorax,Anaerovorax sp.
0.0,0.0,0.0,0.0,0.0,10.28,0.0,0.0,0.0,0.0,Bacteria,unk_k,Firmicutes,Clostridia,Eubacteriales,Eubacteriales Family XIII. Incertae Sedis,Anaerovorax,
0.0,0.62,0.0,0.0,0.0,0.0,0.0,0.0,0.0,0.0,Bacteria,unk_k,Firmicutes,Clostridia,Eubacteriales,Eubacteriales Family XIII. Incertae Sedis,Mogibacterium,uncultured Mogibacterium sp.
0.0,0.0,0.0,0.0,0.0,0.0,0.0,4.94,0.0,0.0,Bacteria,unk_k,Firmicutes,Clostridia,Eubacteriales,Eubacteriales Family XIII. Incertae Sedis,,
0.0,0.0,0.0,0.0,0.0,6.47,0.0,16.53,0.0,0.0,Bacteria,unk_k,Firmicutes,Clostridia,Eubacteriales,Gracilibacteraceae,,
0.0,0.0,0.0,0.0,0.0,0.0,0.0,4.93,0.0,0.0,Bacteria,unk_k,Firmicutes,Clostridia,Eubacteriales,Lachnospiraceae,Acetatifactor,
0.0,0.0,0.0,0.0,0.0,0.0,0.0,0.0,2.06,0.0,Bacteria,unk_k,Firmicutes,Clostridia,Eubacteriales,Lachnospiraceae,Anaerostipes,uncultured Anaerostipes sp.
0.0,0.0,0.0,0.0,0.0,7.83,6.18,25.53,0.0,0.0,Bacteria,unk_k,Firmicutes,Clostridia,Eubacteriales,Lachnospiraceae,Anaerotignum,Anaerotignum sp.
0.0,0.0,48.33,0.0,0.0,66.27,0.0,4.78,0.0,0.0,Bacteria,unk_k,Firmicutes,Clostridia,Eubacteriales,Lachnospiraceae,Anaerotignum,
0.0,0.0,6.29,0.69,0.0,0.0,12.15,8.05,0.0,3.69,Bacteria,unk_k,Firmicutes,Clostridia,Eubacteriales,Lachnospiraceae,Blautia,
0.62,0.62,0.0,0.0,0.0,0.0,0.0,0.0,2.5,0.0,Bacteria,unk_k,Firmicutes,Clostridia,Eubacteriales,Lachnospiraceae,Blautia,uncultured Blautia sp.
0.4,0.37,0.0,0.0,0.0,0.0,0.0,0.0,0.0,0.0,Bacteria,unk_k,Firmicutes,Clostridia,Eubacteriales,Lachnospiraceae,Catonella,uncultured Catonella sp.
0.0,0.0,0.0,0.0,0.0,29.47,0.0,7.37,0.0,8.6,Bacteria,unk_k,Firmicutes,Clostridia,Eubacteriales,Lachnospiraceae,Coprococcus,Coprococcus sp.
0.0,0.48,0.0,0.0,0.0,0.0,0.0,0.0,0.0,0.0,Bacteria,unk_k,Firmicutes,Clostridia,Eubacteriales,Lachnospiraceae,Dorea,uncultured Dorea sp.
0.0,0.0,5.78,0.0,29.86,0.0,0.0,0.0,0.0,2.55,Bacteria,unk_k,Firmicutes,Clostridia,Eubacteriales,Lachnospiraceae,Eisenbergiella,Eisenbergiella sp.
0.0,0.0,0.0,0.0,0.0,0.0,0.0,4.78,0.0,0.0,Bacteria,unk_k,Firmicutes,Clostridia,Eubacteriales,Lachnospiraceae,Eisenbergiella,
0.0,0.0,0.0,0.0,0.0,44.39,0.0,2.68,0.0,0.0,Bacteria,unk_k,Firmicutes,Clostridia,Eubacteriales,Lachnospiraceae,Eisenbergiella,uncultured Eisenbergiella sp.
0.0,0.6,0.0,0.0,0.0,0.0,0.0,0.0,0.0,0.0,Bacteria,unk_k,Firmicutes,Clostridia,Eubacteriales,Lachnospiraceae,Fusicatenibacter,uncultured Fusicatenibacter sp.
0.0,0.0,0.0,0.0,0.0,0.0,3.43,0.0,0.0,0.0,Bacteria,unk_k,Firmicutes,Clostridia,Eubacteriales,Lachnospiraceae,Gluceribacter,Gluceribacter canis
0.0,0.0,0.0,0.0,0.0,0.0,0.0,4.8,0.0,0.0,Bacteria,unk_k,Firmicutes,Clostridia,Eubacteriales,Lachnospiraceae,Kineothrix,
0.0,1.21,0.0,0.0,0.0,0.0,0.0,0.0,0.0,0.0,Bacteria,unk_k,Firmicutes,Clostridia,Eubacteriales,Lachnospiraceae,Lachnoanaerobaculum,
1.7999999999999998,28.48,0.0,0.0,0.0,0.0,0.0,0.0,0.0,0.0,Bacteria,unk_k,Firmicutes,Clostridia,Eubacteriales,Lachnospiraceae,Lachnoanaerobaculum,uncultured Lachnoanaerobaculum sp.
0.0,0.0,0.0,0.0,0.0,41.9,0.0,12.2,0.0,0.0,Bacteria,unk_k,Firmicutes,Clostridia,Eubacteriales,Lachnospiraceae,Lachnoclostridium,Lachnoclostridium sp.
0.0,8.87,0.0,0.0,0.0,0.0,0.0,0.0,0.0,0.0,Bacteria,unk_k,Firmicutes,Clostridia,Eubacteriales,Lachnospiraceae,Moryella,uncultured Moryella sp.
0.0,0.0,898.62,0.66,38.5,846.8299999999999,4206.57,68.75,97.07000000000001,1.36,Bacteria,unk_k,Firmicutes,Clostridia,Eubacteriales,Lachnospiraceae,,
0.0,50.04,0.0,0.0,0.0,0.0,0.0,0.0,0.0,0.0,Bacteria,unk_k,Firmicutes,Clostridia,Eubacteriales,Lachnospiraceae,Oribacterium,Oribacterium sp. oral taxon 108
11.93,60.55,0.0,0.0,0.0,0.0,0.0,0.0,0.0,0.0,Bacteria,unk_k,Firmicutes,Clostridia,Eubacteriales,Lachnospiraceae,Oribacterium,uncultured Oribacterium sp.
0.6,0.0,0.0,0.0,0.0,0.0,0.0,0.0,0.0,0.0,Bacteria,unk_k,Firmicutes,Clostridia,Eubacteriales,Lachnospiraceae,Roseburia,
0.0,0.0,0.0,2.92,0.0,0.0,0.0,1.88,1.8,2.91,Bacteria,unk_k,Firmicutes,Clostridia,Eubacteriales,Lachnospiraceae,Roseburia,Roseburia sp.
1.2,3.04,0.0,0.0,0.0,0.0,0.0,0.0,0.0,0.0,Bacteria,unk_k,Firmicutes,Clostridia,Eubacteriales,Lachnospiraceae,Roseburia,uncultured Roseburia sp.
0.55,0.0,0.0,0.0,0.0,0.0,0.0,0.0,0.0,0.0,Bacteria,unk_k,Firmicutes,Clostridia,Eubacteriales,Lachnospiraceae,Shuttleworthia,Shuttleworthia satelles
0.0,16.89,0.0,0.0,0.0,0.0,0.0,0.0,0.0,0.0,Bacteria,unk_k,Firmicutes,Clostridia,Eubacteriales,Lachnospiraceae,Stomatobaculum,uncultured Stomatobaculum sp.
0.0,0.0,0.0,0.0,0.0,0.0,0.0,3.99,0.0,0.0,Bacteria,unk_k,Firmicutes,Clostridia,Eubacteriales,Lachnospiraceae,Tyzzerella,
0.0,0.0,0.0,0.0,0.0,0.0,0.0,4.15,0.0,0.0,Bacteria,unk_k,Firmicutes,Clostridia,Eubacteriales,Lachnospiraceae,unk_g,Lachnospiraceae bacterium DW17
0.0,0.0,0.0,0.0,9.27,0.0,2.76,0.0,3.59,0.0,Bacteria,unk_k,Firmicutes,Clostridia,Eubacteriales,Lachnospiraceae,unk_g,Lachnospiraceae bacterium DW21
0.0,0.0,0.0,0.0,0.0,15.54,0.0,0.0,0.0,0.0,Bacteria,unk_k,Firmicutes,Clostridia,Eubacteriales,Lachnospiraceae,unk_g,Lachnospiraceae bacterium DW22
0.0,0.0,0.0,0.34,0.0,89.12,0.0,39.98,0.0,0.0,Bacteria,unk_k,Firmicutes,Clostridia,Eubacteriales,Lachnospiraceae,unk_g,Lachnospiraceae bacterium DW42
0.0,0.0,0.0,0.0,0.0,0.0,0.0,30.68,0.0,0.0,Bacteria,unk_k,Firmicutes,Clostridia,Eubacteriales,Lachnospiraceae,unk_g,Lachnospiraceae bacterium DW68
6.19,86.06,0.0,0.0,0.0,0.0,0.0,0.0,0.0,0.0,Bacteria,unk_k,Firmicutes,Clostridia,Eubacteriales,Lachnospiraceae,unk_g,Lachnospiraceae bacterium oral taxon 419
0.0,0.89,0.68,0.0,5.98,324.02,12.36,51.19,14.649999999999999,4.7,Bacteria,unk_k,Firmicutes,Clostridia,Eubacteriales,Lachnospiraceae,unk_g,
3.7,92.74,70.81,14.569999999999999,124.19999999999999,6205.4,738.52,169.08999999999997,110.38,29.509999999999998,Bacteria,unk_k,Firmicutes,Clostridia,Eubacteriales,Lachnospiraceae,unk_g,uncultured Lachnospiraceae bacterium
0.0,0.0,0.0,0.0,0.89,48.22,0.0,1.55,0.0,0.0,Bacteria,unk_k,Firmicutes,Clostridia,Eubacteriales,,,
0.0,0.0,0.0,0.0,0.0,0.0,0.0,3.64,0.0,0.0,Bacteria,unk_k,Firmicutes,Clostridia,Eubacteriales,Oscillospiraceae,Acutalibacter,Acutalibacter sp.
0.0,0.0,0.0,0.0,0.0,0.0,0.0,0.0,0.0,7.37,Bacteria,unk_k,Firmicutes,Clostridia,Eubacteriales,Oscillospiraceae,Faecalibacterium,Faecalibacterium prausnitzii
0.62,0.0,0.0,0.0,0.0,0.0,1.74,4.99,0.0,0.0,Bacteria,unk_k,Firmicutes,Clostridia,Eubacteriales,Oscillospiraceae,Faecalibacterium,
0.0,2.36,0.0,0.0,1.7,0.65,0.68,0.0,7.579999999999999,0.0,Bacteria,unk_k,Firmicutes,Clostridia,Eubacteriales,Oscillospiraceae,Faecalibacterium,uncultured Faecalibacterium sp.
0.0,0.0,0.0,0.0,0.0,0.0,0.66,0.0,0.0,0.0,Bacteria,unk_k,Firmicutes,Clostridia,Eubacteriales,Oscillospiraceae,Flavonifractor,
0.0,0.0,0.0,1.82,10.88,5.27,4.59,7.04,0.0,6.03,Bacteria,unk_k,Firmicutes,Clostridia,Eubacteriales,Oscillospiraceae,Flavonifractor,uncultured Flavonifractor sp.
0.0,0.6,1.71,0.0,0.0,135.04,1.78,44.89,1.31,6.5,Bacteria,unk_k,Firmicutes,Clostridia,Eubacteriales,Oscillospiraceae,,
0.0,0.0,0.0,0.0,3.5,0.0,0.0,6.51,0.0,0.0,Bacteria,unk_k,Firmicutes,Clostridia,Eubacteriales,Oscillospiraceae,Oscillibacter,
0.0,0.0,0.0,0.0,5.16,10.07,0.0,10.09,0.0,2.43,Bacteria,unk_k,Firmicutes,Clostridia,Eubacteriales,Oscillospiraceae,Oscillibacter,Oscillibacter sp.
0.0,0.0,0.0,0.0,0.0,18.03,0.0,0.0,0.0,0.0,Bacteria,unk_k,Firmicutes,Clostridia,Eubacteriales,Oscillospiraceae,Oscillibacter,uncultured Oscillibacter sp.
0.0,0.0,0.0,0.0,3.2,0.0,0.0,17.48,0.0,0.0,Bacteria,unk_k,Firmicutes,Clostridia,Eubacteriales,Oscillospiraceae,Oscillospira,
0.0,0.0,4.03,3.21,18.53,41.55,0.0,10.94,6.12,0.0,Bacteria,unk_k,Firmicutes,Clostridia,Eubacteriales,Oscillospiraceae,Oscillospira,uncultured Oscillospira sp.
0.0,0.0,0.0,0.0,1.46,0.0,0.0,16.05,5.43,0.0,Bacteria,unk_k,Firmicutes,Clostridia,Eubacteriales,Oscillospiraceae,Pseudoflavonifractor,
0.48,0.0,0.0,0.0,0.0,0.0,0.0,0.0,0.0,0.0,Bacteria,unk_k,Firmicutes,Clostridia,Eubacteriales,Oscillospiraceae,Pseudoflavonifractor,uncultured Pseudoflavonifractor sp.
0.0,0.0,0.0,0.0,0.0,4.4,0.0,29.23,0.0,0.0,Bacteria,unk_k,Firmicutes,Clostridia,Eubacteriales,Oscillospiraceae,Ruminiclostridium,uncultured Ruminiclostridium sp.
0.0,0.0,0.0,0.0,8.21,36.24,5.64,14.59,5.37,0.0,Bacteria,unk_k,Firmicutes,Clostridia,Eubacteriales,Oscillospiraceae,Ruminococcus,
0.0,0.6599999999999999,0.39,0.0,0.0,0.0,0.0,0.0,0.0,0.0,Bacteria,unk_k,Firmicutes,Clostridia,Eubacteriales,Oscillospiraceae,Ruminococcus,uncultured Ruminococcus sp.
0.0,0.0,0.0,0.0,10.75,0.0,0.69,0.0,2.04,0.0,Bacteria,unk_k,Firmicutes,Clostridia,Eubacteriales,Oscillospiraceae,Subdoligranulum,uncultured Subdoligranulum sp.
0.0,0.0,0.0,0.0,0.0,14.31,87.67,285.55,0.0,1.05,Bacteria,unk_k,Firmicutes,Clostridia,Eubacteriales,Oscillospiraceae,unk_g,
0.0,0.37,0.0,0.0,0.0,0.0,0.0,0.0,0.0,0.0,Bacteria,unk_k,Firmicutes,Clostridia,Eubacteriales,Oscillospiraceae,unk_g,Oscillospiraceae bacterium
0.0,0.0,0.68,0.0,11.84,4.91,0.0,22.009999999999998,0.69,0.0,Bacteria,unk_k,Firmicutes,Clostridia,Eubacteriales,Oscillospiraceae,unk_g,uncultured Oscillospiraceae bacterium
0.0,0.0,0.0,0.0,0.0,0.0,0.0,0.68,0.0,0.0,Bacteria,unk_k,Firmicutes,Clostridia,Eubacteriales,Peptococcaceae,,
1.84,0.0,0.0,0.0,0.0,0.0,0.0,0.0,0.0,0.0,Bacteria,unk_k,Firmicutes,Clostridia,Eubacteriales,Peptococcaceae,Peptococcus,uncultured Peptococcus sp.
1.62,0.0,0.0,0.0,0.0,0.0,0.0,0.0,0.0,0.0,Bacteria,unk_k,Firmicutes,Clostridia,Eubacteriales,Peptococcaceae,unk_g,
1.45,0.0,0.0,0.0,0.0,0.0,0.0,0.0,0.0,0.0,Bacteria,unk_k,Firmicutes,Clostridia,Eubacteriales,Peptococcaceae,unk_g,uncultured Peptococcaceae bacterium
1.85,0.0,0.0,0.0,0.0,0.0,0.0,0.0,0.0,0.0,Bacteria,unk_k,Firmicutes,Clostridia,Eubacteriales,Peptostreptococcaceae,Filifactor,uncultured Filifactor sp.
0.0,0.0,0.0,0.0,0.0,9.86,0.0,30.759999999999998,37.57,0.0,Bacteria,unk_k,Firmicutes,Clostridia,Eubacteriales,Peptostreptococcaceae,,
0.0,0.0,0.0,0.0,0.0,0.0,0.0,0.0,0.0,13.18,Bacteria,unk_k,Firmicutes,Clostridia,Eubacteriales,Peptostreptococcaceae,Peptostreptococcus,
0.0,0.0,0.0,6.79,11.83,0.0,0.0,10.85,9.51,0.0,Bacteria,unk_k,Firmicutes,Clostridia,Eubacteriales,Peptostreptococcaceae,Romboutsia,
0.0,0.0,0.0,19.74,42.839999999999996,15.32,3.63,99.62,0.0,3.03,Bacteria,unk_k,Firmicutes,Clostridia,Eubacteriales,Peptostreptococcaceae,unk_g,
0.0,0.0,110.24,1191.67,1274.2,323.23,70.38,2372.53,1013.0,5.32,Bacteria,unk_k,Firmicutes,Clostridia,Eubacteriales,Peptostreptococcaceae,unk_g,uncultured Peptostreptococcaceae bacterium
0.0,0.0,0.0,0.0,4.0,0.98,0.0,8.45,0.0,0.0,Bacteria,unk_k,Firmicutes,Clostridia,Eubacteriales,unk_f,Colidextribacter,Colidextribacter sp.
0.0,0.0,3.12,0.37,4.04,21.16,0.0,59.92,1.99,0.0,Bacteria,unk_k,Firmicutes,Clostridia,Eubacteriales,unk_f,Flintibacter,Flintibacter butyricus
0.0,0.0,0.0,0.0,0.0,0.0,0.0,0.0,0.68,0.0,Bacteria,unk_k,Firmicutes,Clostridia,Eubacteriales,unk_f,Gemmiger,uncultured Gemmiger sp.
0.0,0.0,0.0,0.0,0.0,7.48,0.0,15.13,0.0,0.0,Bacteria,unk_k,Firmicutes,Clostridia,Eubacteriales,unk_f,Intestinimonas,Intestinimonas sp.
0.0,0.0,49.38,23.62,16.54,123.12,6.71,188.47,6.45,0.0,Bacteria,unk_k,Firmicutes,Clostridia,Eubacteriales,unk_f,,
0.0,0.0,0.0,0.0,0.0,30.73,0.0,0.0,0.0,0.0,Bacteria,unk_k,Firmicutes,Clostridia,Eubacteriales,unk_f,unk_g,Clostridiales bacterium 53-4c
0.0,0.0,0.0,0.0,3.06,0.0,0.0,0.0,0.0,0.0,Bacteria,unk_k,Firmicutes,Clostridia,Eubacteriales,unk_f,unk_g,Clostridiales bacterium CIEAF 013
0.0,0.0,0.0,0.0,2.34,130.75,0.0,5.1,0.0,0.0,Bacteria,unk_k,Firmicutes,Clostridia,Eubacteriales,unk_f,unk_g,Clostridiales bacterium CIEAF 020
0.0,0.0,0.0,0.0,2.84,0.0,0.0,0.0,0.0,0.0,Bacteria,unk_k,Firmicutes,Clostridia,Eubacteriales,unk_f,unk_g,Clostridiales bacterium CIEAF 030
0.0,0.0,391.19,1.55,13.309999999999999,74.75,424.23,159.41,9.69,2.89,Bacteria,unk_k,Firmicutes,Clostridia,Eubacteriales,unk_f,unk_g,
1.23,17.62,24.830000000000002,19.18,53.21,651.77,60.89,1567.44,30.46,11.76,Bacteria,unk_k,Firmicutes,Clostridia,Eubacteriales,unk_f,unk_g,uncultured Eubacteriales bacterium
0.0,0.0,0.0,41.290000000000006,62.14,5.2700000000000005,37.66,263.98,5.87,0.0,Bacteria,unk_k,Firmicutes,Clostridia,unk_o,unk_f,,
0.0,0.0,0.0,7.53,33.88,130.07000000000002,10.26,52.49,37.57,0.0,Bacteria,unk_k,Firmicutes,Clostridia,unk_o,unk_f,unk_g,
0.0,0.0,0.0,21.85,0.0,4.65,0.0,19.56,0.0,0.0,Bacteria,unk_k,Firmicutes,Clostridia,unk_o,unk_f,unk_g,uncultured Clostridia bacterium
0.0,0.0,0.0,0.0,0.0,0.0,0.0,14.01,0.0,0.0,Bacteria,unk_k,Firmicutes,Erysipelotrichia,Erysipelotrichales,Erysipelotrichaceae,Absiella,
0.0,0.0,0.0,0.0,0.0,286.8,54.16,0.0,0.0,0.0,Bacteria,unk_k,Firmicutes,Erysipelotrichia,Erysipelotrichales,Erysipelotrichaceae,Dubosiella,Dubosiella newyorkensis
0.0,0.0,0.0,0.0,3.61,0.0,0.0,0.0,20.6,0.0,Bacteria,unk_k,Firmicutes,Erysipelotrichia,Erysipelotrichales,Erysipelotrichaceae,Dubosiella,
0.0,0.0,32.31,0.0,0.0,69.47,146.94,53.41,12.58,227.82,Bacteria,unk_k,Firmicutes,Erysipelotrichia,Erysipelotrichales,Erysipelotrichaceae,Erysipelatoclostridium,[Clostridium] cocleatum
0.0,0.0,6.08,7.21,50.21,298.49,62.41,202.09,97.59,14.87,Bacteria,unk_k,Firmicutes,Erysipelotrichia,Erysipelotrichales,Erysipelotrichaceae,Faecalibaculum,Faecalibaculum rodentium
0.0,0.0,0.0,0.0,0.0,0.0,0.0,85.82,0.0,0.0,Bacteria,unk_k,Firmicutes,Erysipelotrichia,Erysipelotrichales,Erysipelotrichaceae,,
9.23,11.7,0.0,0.0,0.0,0.0,0.0,0.0,0.0,0.0,Bacteria,unk_k,Firmicutes,Erysipelotrichia,Erysipelotrichales,Erysipelotrichaceae,Solobacterium,uncultured Solobacterium sp.
0.0,0.0,0.0,0.0,0.0,6.97,0.0,0.0,4.74,0.0,Bacteria,unk_k,Firmicutes,Erysipelotrichia,Erysipelotrichales,Turicibacteraceae,,
0.0,0.0,0.0,0.0,10.92,33.69,0.0,53.84,0.0,0.0,Bacteria,unk_k,Firmicutes,Erysipelotrichia,Erysipelotrichales,Turicibacteraceae,Turicibacter,
0.0,0.0,0.0,7.26,0.0,32.74,0.0,94.54,20.66,0.0,Bacteria,unk_k,Firmicutes,Erysipelotrichia,Erysipelotrichales,Turicibacteraceae,Turicibacter,uncultured Turicibacter sp.
0.0,0.6,0.0,0.0,0.0,0.0,0.0,0.0,0.0,0.0,Bacteria,unk_k,Firmicutes,Negativicutes,Selenomonadales,Selenomonadaceae,,
0.0,0.6,0.0,0.0,0.0,0.0,0.0,0.0,0.0,0.0,Bacteria,unk_k,Firmicutes,Negativicutes,Selenomonadales,Selenomonadaceae,Schwartzia,
0.6,0.0,0.0,0.0,0.0,0.0,0.0,0.0,0.0,0.0,Bacteria,unk_k,Firmicutes,Negativicutes,Selenomonadales,Selenomonadaceae,Schwartzia,uncultured Schwartzia sp.
2.58,0.0,0.0,0.0,0.0,0.0,0.0,0.0,0.0,0.0,Bacteria,unk_k,Firmicutes,Negativicutes,Selenomonadales,Selenomonadaceae,Selenomonas,Selenomonas sp. oral taxon H42
3.2199999999999998,0.0,0.0,0.0,0.0,0.0,0.0,0.0,0.0,0.0,Bacteria,unk_k,Firmicutes,Negativicutes,Selenomonadales,Selenomonadaceae,Selenomonas,uncultured Selenomonas sp.
0.0,1.32,0.0,0.0,0.0,0.0,0.0,0.0,0.0,0.0,Bacteria,unk_k,Firmicutes,Negativicutes,Selenomonadales,Sporomusaceae,,
2.1,0.0,0.0,0.0,0.0,0.0,0.0,0.0,0.0,0.0,Bacteria,unk_k,Firmicutes,Negativicutes,Veillonellales,Veillonellaceae,Anaeroglobus,Anaeroglobus geminatus
1.79,0.0,0.0,0.0,0.0,0.0,0.0,0.0,0.0,0.0,Bacteria,unk_k,Firmicutes,Negativicutes,Veillonellales,Veillonellaceae,Dialister,
9.23,4.3,0.0,0.0,0.0,0.0,0.0,0.0,0.0,0.0,Bacteria,unk_k,Firmicutes,Negativicutes,Veillonellales,Veillonellaceae,Dialister,uncultured Dialister sp.
40.47,252.09,0.0,0.0,0.0,0.0,0.0,0.0,0.0,0.0,Bacteria,unk_k,Firmicutes,Negativicutes,Veillonellales,Veillonellaceae,Megasphaera,uncultured Megasphaera sp.
0.0,3.29,0.0,0.0,0.0,0.0,0.0,0.0,0.0,0.0,Bacteria,unk_k,Firmicutes,Negativicutes,Veillonellales,Veillonellaceae,,
0.0,2.29,0.0,0.0,0.0,0.0,0.0,0.0,0.0,0.0,Bacteria,unk_k,Firmicutes,Negativicutes,Veillonellales,Veillonellaceae,Veillonella,
2.05,1.28,0.0,0.0,0.0,0.0,0.0,0.0,0.0,0.0,Bacteria,unk_k,Firmicutes,Negativicutes,Veillonellales,Veillonellaceae,Veillonella,Veillonella atypica
0.0,0.93,0.0,0.0,0.0,0.0,0.0,0.0,0.0,0.0,Bacteria,unk_k,Firmicutes,Negativicutes,Veillonellales,Veillonellaceae,Veillonella,Veillonella dispar
2125.6099999999997,2942.9199999999996,0.0,0.0,0.0,0.0,0.0,0.0,0.0,0.0,Bacteria,unk_k,Firmicutes,Negativicutes,Veillonellales,Veillonellaceae,Veillonella,uncultured Veillonella sp.
0.0,1.42,0.0,0.0,0.0,0.0,0.0,0.0,0.0,0.0,Bacteria,unk_k,Firmicutes,Negativicutes,Veillonellales,Veillonellaceae,unk_g,uncultured Veillonellaceae bacterium
0.0,0.0,0.0,0.0,0.0,0.0,0.0,0.0,0.0,8.34,Bacteria,unk_k,Firmicutes,Tissierellia,Tissierellales,Peptoniphilaceae,Anaerococcus,
0.61,0.0,0.0,0.0,0.0,0.0,0.0,0.0,0.0,0.0,Bacteria,unk_k,Firmicutes,Tissierellia,Tissierellales,Peptoniphilaceae,Parvimonas,
0.0,0.51,0.0,0.0,0.0,0.0,0.0,0.0,0.0,0.0,Bacteria,unk_k,Firmicutes,Tissierellia,Tissierellales,Peptoniphilaceae,Parvimonas,uncultured Parvimonas sp.
0.62,0.62,0.0,0.0,0.0,0.0,0.0,0.0,0.0,0.0,Bacteria,unk_k,Firmicutes,Tissierellia,Tissierellales,Peptoniphilaceae,Peptoniphilus,uncultured Peptoniphilus sp.
0.0,0.0,0.0,4.01,0.0,0.0,0.0,0.0,0.0,0.0,Bacteria,unk_k,Firmicutes,Tissierellia,unk_o,unk_f,,
0.0,0.62,0.0,0.0,0.0,0.0,0.0,0.0,0.0,0.0,Bacteria,unk_k,Firmicutes,Tissierellia,unk_o,unk_f,unk_g,uncultured Tissierellia bacterium
0.0,0.0,0.0,0.0,0.0,0.0,0.61,0.0,0.61,0.0,Bacteria,unk_k,Firmicutes,unk_c,unk_o,,,
0.0,0.0,8.62,0.0,5.23,79.98,6.24,50.07,14.29,0.0,Bacteria,unk_k,Firmicutes,unk_c,unk_o,unk_f,,
0.0,0.0,1359.82,0.0,570.43,141.73,54.25,3209.66,19.89,0.0,Bacteria,unk_k,Firmicutes,unk_c,unk_o,unk_f,unk_g,
0.0,0.0,2.65,0.0,0.0,0.0,0.0,0.0,0.0,0.0,Bacteria,unk_k,Firmicutes,unk_c,unk_o,unk_f,unk_g,segmented filamentous bacterium
8.05,6.46,30.43,161.85,74.68,1962.34,557.81,103.62,2278.1,37.47,Bacteria,unk_k,Firmicutes,unk_c,unk_o,unk_f,unk_g,uncultured Firmicutes bacterium
0.0,0.0,7.8,0.0,0.0,10.65,0.0,0.0,7.58,0.0,Bacteria,unk_k,Firmicutes,unk_c,unk_o,unk_f,unk_g,uncultured low G+C Gram-positive bacterium
0.28,0.0,0.0,0.0,0.0,0.0,0.0,0.0,0.0,0.0,Bacteria,unk_k,Fusobacteria,Fusobacteriia,Fusobacteriales,Fusobacteriaceae,Fusobacterium,Fusobacterium nucleatum
10.28,0.47,0.0,0.0,0.0,0.0,0.0,0.0,0.0,0.0,Bacteria,unk_k,Fusobacteria,Fusobacteriia,Fusobacteriales,Fusobacteriaceae,Fusobacterium,Fusobacterium sp. oral taxon G17
100.74000000000001,27.18,0.0,0.0,0.0,0.0,0.0,0.0,0.0,0.0,Bacteria,unk_k,Fusobacteria,Fusobacteriia,Fusobacteriales,Fusobacteriaceae,Fusobacterium,uncultured Fusobacterium sp.
3.48,2.9,0.0,0.0,0.0,0.0,0.0,0.0,0.0,0.0,Bacteria,unk_k,Fusobacteria,Fusobacteriia,Fusobacteriales,Fusobacteriaceae,unk_g,uncultured Fusobacteriaceae bacterium
0.0,1.63,0.0,0.0,0.0,0.0,0.0,0.0,0.0,0.0,Bacteria,unk_k,Fusobacteria,Fusobacteriia,Fusobacteriales,Leptotrichiaceae,Leptotrichia,
21.009999999999998,38.18,0.0,0.0,0.0,0.0,0.0,0.0,0.0,0.0,Bacteria,unk_k,Fusobacteria,Fusobacteriia,Fusobacteriales,Leptotrichiaceae,Leptotrichia,uncultured Leptotrichia sp.
0.0,0.59,0.0,0.0,0.0,0.0,0.0,0.0,0.0,0.0,Bacteria,unk_k,Fusobacteria,Fusobacteriia,Fusobacteriales,Leptotrichiaceae,Sneathia,uncultured Sneathia sp.
1.02,203.43,0.0,0.0,0.0,0.0,0.0,0.0,0.0,0.0,Bacteria,unk_k,Fusobacteria,unk_c,unk_o,unk_f,unk_g,uncultured Fusobacteria bacterium
0.0,0.0,0.0,0.0,0.0,0.0,0.0,0.0,6.59,0.0,Bacteria,unk_k,Proteobacteria,Alphaproteobacteria,Caulobacterales,Caulobacteraceae,Caulobacter,uncultured Caulobacter sp.
0.0,0.0,0.0,0.0,0.0,0.0,0.0,0.55,0.0,0.0,Bacteria,unk_k,Proteobacteria,Alphaproteobacteria,Hyphomicrobiales,Bradyrhizobiaceae,Bradyrhizobium,
0.0,0.0,1.76,16.74,25.94,158.25,20.59,156.66,10.36,0.0,Bacteria,unk_k,Proteobacteria,Alphaproteobacteria,Hyphomicrobiales,Bradyrhizobiaceae,,
0.0,0.0,0.0,0.0,0.0,0.0,0.0,0.0,0.0,2.01,Bacteria,unk_k,Proteobacteria,Alphaproteobacteria,Hyphomicrobiales,Bradyrhizobiaceae,Nitrobacter,
0.0,0.0,0.0,0.0,1.87,0.0,0.0,0.0,0.0,0.0,Bacteria,unk_k,Proteobacteria,Alphaproteobacteria,Hyphomicrobiales,Bradyrhizobiaceae,unk_g,
0.0,0.0,18.8,0.0,3.79,0.0,8.61,0.0,30.88,106.37,Bacteria,unk_k,Proteobacteria,Alphaproteobacteria,Hyphomicrobiales,Bradyrhizobiaceae,unk_g,uncultured Bradyrhizobiaceae bacterium
0.0,0.6,0.0,0.0,0.0,0.0,0.0,0.0,0.0,0.0,Bacteria,unk_k,Proteobacteria,Alphaproteobacteria,Hyphomicrobiales,Devosiaceae,Devosia,uncultured Devosia sp.
0.0,0.0,12.06,0.0,3.03,0.0,6.65,0.0,24.09,53.2,Bacteria,unk_k,Proteobacteria,Alphaproteobacteria,Hyphomicrobiales,Methylobacteriaceae,Methylobacterium,Methylobacterium sp. A-R-D-8-1
0.0,0.0,0.0,0.0,0.0,0.0,0.0,0.64,0.0,0.0,Bacteria,unk_k,Proteobacteria,Alphaproteobacteria,Hyphomicrobiales,Methylobacteriaceae,Methylobacterium,
0.0,0.0,107.60000000000001,0.0,15.02,3.52,90.62,11.01,326.40999999999997,151.06,Bacteria,unk_k,Proteobacteria,Alphaproteobacteria,Hyphomicrobiales,Methylobacteriaceae,Methylobacterium,uncultured Methylobacterium sp.
0.0,0.0,0.0,0.0,0.0,0.0,0.0,0.0,13.31,0.0,Bacteria,unk_k,Proteobacteria,Alphaproteobacteria,Hyphomicrobiales,Methylobacteriaceae,unk_g,uncultured Methylobacteriaceae bacterium
0.0,0.0,0.0,0.0,0.8,0.0,0.0,0.0,0.0,0.0,Bacteria,unk_k,Proteobacteria,Alphaproteobacteria,Hyphomicrobiales,,,
0.0,0.0,0.0,0.0,0.0,0.0,12.29,0.0,0.0,0.0,Bacteria,unk_k,Proteobacteria,Alphaproteobacteria,unk_o,unk_f,unk_g,
0.0,0.97,3.72,0.0,0.0,0.0,0.0,3.61,0.0,53.65,Bacteria,unk_k,Proteobacteria,Alphaproteobacteria,unk_o,unk_f,unk_g,uncultured Alphaproteobacteria bacterium
0.0,0.0,0.0,0.0,0.0,0.0,0.0,0.0,0.0,0.63,Bacteria,unk_k,Proteobacteria,Betaproteobacteria,Burkholderiales,Burkholderiaceae,Ralstonia,
0.0,0.0,0.0,0.0,3.82,0.0,0.0,0.0,0.0,0.0,Bacteria,unk_k,Proteobacteria,Betaproteobacteria,Burkholderiales,Comamonadaceae,Delftia,uncultured Delftia sp.
0.0,0.0,0.0,0.0,0.0,0.0,0.0,0.0,10.0,17.53,Bacteria,unk_k,Proteobacteria,Betaproteobacteria,Burkholderiales,Comamonadaceae,Diaphorobacter,uncultured Diaphorobacter sp.
0.0,0.0,21.83,0.0,0.0,0.0,0.0,0.0,7.96,0.0,Bacteria,unk_k,Proteobacteria,Betaproteobacteria,Burkholderiales,Comamonadaceae,Pelomonas,uncultured Pelomonas sp.
0.0,0.0,0.0,0.0,0.0,0.0,0.0,0.0,6.58,0.0,Bacteria,unk_k,Proteobacteria,Betaproteobacteria,Burkholderiales,Comamonadaceae,unk_g,
0.0,0.0,3.77,0.0,0.0,0.0,0.0,0.0,0.0,0.0,Bacteria,unk_k,Proteobacteria,Betaproteobacteria,Burkholderiales,Comamonadaceae,unk_g,uncultured Comamonadaceae bacterium
0.0,0.0,5.44,0.0,20.89,0.0,17.12,15.25,9.23,3.95,Bacteria,unk_k,Proteobacteria,Betaproteobacteria,Burkholderiales,Sutterellaceae,Parasutterella,
0.0,0.0,0.0,0.0,0.0,6.91,0.0,0.0,0.0,0.0,Bacteria,unk_k,Proteobacteria,Betaproteobacteria,Burkholderiales,Sutterellaceae,Parasutterella,uncultured Parasutterella sp.
0.0,0.0,0.0,0.0,0.0,0.0,0.0,0.0,9.31,0.0,Bacteria,unk_k,Proteobacteria,Betaproteobacteria,Burkholderiales,unk_f,Aquabacterium,uncultured Aquabacterium sp.
0.56,0.0,0.0,0.0,0.0,0.0,0.0,0.0,0.0,0.0,Bacteria,unk_k,Proteobacteria,Betaproteobacteria,Burkholderiales,unk_f,unk_g,uncultured Burkholderiales bacterium
1.21,0.0,0.0,0.0,0.0,0.0,0.0,0.0,0.0,0.0,Bacteria,unk_k,Proteobacteria,Betaproteobacteria,Neisseriales,Neisseriaceae,Eikenella,Eikenella corrodens
17.86,1.85,0.0,0.0,0.0,0.0,0.0,0.0,0.0,0.0,Bacteria,unk_k,Proteobacteria,Betaproteobacteria,Neisseriales,Neisseriaceae,Kingella,uncultured Kingella sp.
13.48,0.0,0.0,0.0,0.0,0.0,0.0,0.0,0.0,0.0,Bacteria,unk_k,Proteobacteria,Betaproteobacteria,Neisseriales,Neisseriaceae,Neisseria,uncultured Neisseria sp.
0.0,1.7400000000000002,0.0,0.0,0.0,0.0,0.0,0.0,0.0,0.0,Bacteria,unk_k,Proteobacteria,Betaproteobacteria,Neisseriales,Neisseriaceae,unk_g,uncultured Neisseriaceae bacterium
4.46,10.82,0.0,0.0,0.0,0.0,0.0,0.0,0.0,0.0,Bacteria,unk_k,Proteobacteria,Betaproteobacteria,Neisseriales,unk_f,unk_g,uncultured Neisseriales bacterium
0.0,0.0,0.0,0.0,0.0,0.0,0.0,0.0,18.51,0.0,Bacteria,unk_k,Proteobacteria,Betaproteobacteria,Rhodocyclales,Azonexaceae,Dechloromonas,uncultured Dechloromonas sp.
0.0,0.0,0.0,0.0,0.0,0.0,0.0,0.4,0.0,0.0,Bacteria,unk_k,Proteobacteria,Betaproteobacteria,Rhodocyclales,Rhodocyclaceae,unk_g,uncultured Rhodocyclaceae bacterium
0.0,0.0,0.49,0.46,0.0,0.73,19.95,2.75,42.52,365.09,Bacteria,unk_k,Proteobacteria,Betaproteobacteria,unk_o,unk_f,unk_g,uncultured beta proteobacterium
0.0,0.0,0.0,0.0,5.58,0.0,0.0,0.0,0.0,0.0,Bacteria,unk_k,Proteobacteria,Deltaproteobacteria,Desulfovibrionales,Desulfovibrionaceae,Bilophila,uncultured Bilophila sp.
0.0,0.0,23.46,10.52,29.14,0.0,303.63,516.79,6.43,4.44,Bacteria,unk_k,Proteobacteria,Deltaproteobacteria,Desulfovibrionales,Desulfovibrionaceae,Desulfovibrio,Desulfovibrio sp.
0.0,0.0,0.0,0.0,0.0,752.06,0.0,0.0,0.0,0.0,Bacteria,unk_k,Proteobacteria,Deltaproteobacteria,Desulfovibrionales,Desulfovibrionaceae,Desulfovibrio,
0.0,0.0,0.0,0.0,0.0,3.06,0.0,0.0,0.0,0.0,Bacteria,unk_k,Proteobacteria,Deltaproteobacteria,Desulfovibrionales,Desulfovibrionaceae,Desulfovibrio,uncultured Desulfovibrio sp.
0.0,0.0,0.0,0.0,0.0,0.0,0.0,0.0,0.0,0.46,Bacteria,unk_k,Proteobacteria,Deltaproteobacteria,unk_o,unk_f,unk_g,uncultured delta proteobacterium
0.0,1.63,0.0,0.0,0.0,0.0,0.0,0.0,0.0,0.0,Bacteria,unk_k,Proteobacteria,Epsilonproteobacteria,Campylobacterales,Campylobacteraceae,Campylobacter,Campylobacter concisus
0.0,0.6,0.0,0.0,0.0,0.0,0.0,0.0,0.0,0.0,Bacteria,unk_k,Proteobacteria,Epsilonproteobacteria,Campylobacterales,Campylobacteraceae,Campylobacter,
8.6,182.05,0.0,0.0,0.0,0.0,0.0,0.0,0.0,0.0,Bacteria,unk_k,Proteobacteria,Epsilonproteobacteria,Campylobacterales,Campylobacteraceae,Campylobacter,uncultured Campylobacter sp.
0.0,0.0,0.0,0.0,14.77,0.0,0.0,0.82,3.25,0.0,Bacteria,unk_k,Proteobacteria,Epsilonproteobacteria,Campylobacterales,Helicobacteraceae,Helicobacter,uncultured Helicobacter sp.
0.0,0.0,0.0,0.0,0.26,0.0,0.0,0.0,0.0,0.0,Bacteria,unk_k,Proteobacteria,Gammaproteobacteria,Aeromonadales,Aeromonadaceae,,
0.0,0.0,0.0,0.0,0.0,0.61,3.14,0.0,12.53,0.0,Bacteria,unk_k,Proteobacteria,Gammaproteobacteria,Alteromonadales,Idiomarinaceae,Idiomarina,Idiomarina sp. SB11
0.0,0.0,0.0,0.0,0.0,0.55,0.0,0.0,0.0,0.0,Bacteria,unk_k,Proteobacteria,Gammaproteobacteria,Alteromonadales,Shewanellaceae,,
0.0,0.0,0.0,0.0,0.0,3.64,0.0,0.0,0.0,0.0,Bacteria,unk_k,Proteobacteria,Gammaproteobacteria,Enterobacterales,Enterobacteriaceae,Enterobacter,
8.26,20.3,0.0,0.0,0.0,0.0,0.0,0.0,0.0,0.0,Bacteria,unk_k,Proteobacteria,Gammaproteobacteria,Enterobacterales,Enterobacteriaceae,Escherichia,Escherichia coli
0.79,0.0,0.0,0.0,0.0,0.0,0.0,0.0,0.0,0.0,Bacteria,unk_k,Proteobacteria,Gammaproteobacteria,Enterobacterales,Enterobacteriaceae,,
0.0,0.0,0.0,0.0,0.0,0.0,0.0,0.62,0.0,0.0,Bacteria,unk_k,Proteobacteria,Gammaproteobacteria,Enterobacterales,Enterobacteriaceae,unk_g,
0.0,0.0,3.6,3.1,0.0,0.0,4.69,0.0,31.64,5.77,Bacteria,unk_k,Proteobacteria,Gammaproteobacteria,Enterobacterales,Enterobacteriaceae,unk_g,uncultured Enterobacteriaceae bacterium
0.0,0.0,0.0,0.0,0.0,0.0,0.0,0.0,12.96,0.0,Bacteria,unk_k,Proteobacteria,Gammaproteobacteria,Moraxellales,Moraxellaceae,Acinetobacter,Acinetobacter sp.
0.0,0.0,0.0,0.0,0.0,0.0,2.52,0.0,0.0,0.0,Bacteria,unk_k,Proteobacteria,Gammaproteobacteria,Moraxellales,Moraxellaceae,Acinetobacter,
0.0,0.0,4.6,0.0,0.0,0.0,19.23,4.28,42.8,61.67,Bacteria,unk_k,Proteobacteria,Gammaproteobacteria,Oceanospirillales,Halomonadaceae,Halomonas,Halomonas meridiana
0.0,0.0,0.0,0.0,0.0,0.0,0.0,0.0,3.34,11.45,Bacteria,unk_k,Proteobacteria,Gammaproteobacteria,Oceanospirillales,Halomonadaceae,Halomonas,Halomonas sp.
0.0,0.0,24.18,22.1,0.0,9.47,128.2,29.97,302.6,463.36,Bacteria,unk_k,Proteobacteria,Gammaproteobacteria,Oceanospirillales,Halomonadaceae,Halomonas,Halomonas sp. A-07
0.0,0.0,0.0,0.0,63.58,0.0,0.98,0.0,0.0,0.0,Bacteria,unk_k,Proteobacteria,Gammaproteobacteria,Oceanospirillales,Halomonadaceae,Halomonas,
0.0,0.0,0.0,5.83,7.279999999999999,0.0,29.66,5.63,58.14,85.52,Bacteria,unk_k,Proteobacteria,Gammaproteobacteria,Oceanospirillales,Halomonadaceae,Halomonas,uncultured Halomonas sp.
0.0,0.0,0.0,0.0,0.0,0.0,0.0,0.94,0.0,0.0,Bacteria,unk_k,Proteobacteria,Gammaproteobacteria,Oceanospirillales,Halomonadaceae,,
0.78,0.0,0.0,0.0,0.0,0.0,0.0,0.0,0.0,0.0,Bacteria,unk_k,Proteobacteria,Gammaproteobacteria,Pasteurellales,Pasteurellaceae,Actinobacillus,uncultured Actinobacillus sp.
0.41,0.0,0.0,0.0,0.0,0.0,0.0,0.0,0.0,0.0,Bacteria,unk_k,Proteobacteria,Gammaproteobacteria,Pasteurellales,Pasteurellaceae,Aggregatibacter,uncultured Aggregatibacter sp.
1.51,0.0,0.0,0.0,0.0,0.0,0.0,0.0,0.0,0.0,Bacteria,unk_k,Proteobacteria,Gammaproteobacteria,Pasteurellales,Pasteurellaceae,Haemophilus,Haemophilus influenzae
1.99,0.0,0.0,0.0,0.0,0.0,0.0,0.0,0.0,0.0,Bacteria,unk_k,Proteobacteria,Gammaproteobacteria,Pasteurellales,Pasteurellaceae,Haemophilus,Haemophilus parainfluenzae
2197.64,17.86,0.0,0.0,0.0,0.0,0.0,0.0,0.0,0.0,Bacteria,unk_k,Proteobacteria,Gammaproteobacteria,Pasteurellales,Pasteurellaceae,Haemophilus,uncultured Haemophilus sp.
2.28,0.0,0.0,0.0,0.0,0.0,0.0,0.0,0.0,0.0,Bacteria,unk_k,Proteobacteria,Gammaproteobacteria,Pasteurellales,Pasteurellaceae,Muribacter,
0.0,0.6,0.0,0.0,0.0,0.0,0.0,0.0,0.0,0.0,Bacteria,unk_k,Proteobacteria,Gammaproteobacteria,Pasteurellales,Pasteurellaceae,Pasteurella,uncultured Pasteurella sp.
0.0,0.0,0.0,0.0,0.0,0.0,0.0,0.0,0.88,0.0,Bacteria,unk_k,Proteobacteria,Gammaproteobacteria,Pseudomonadales,Pseudomonadaceae,Azotobacter,Azotobacter sp.
0.0,0.0,0.0,0.0,0.0,0.0,0.0,0.0,36.54,48.75,Bacteria,unk_k,Proteobacteria,Gammaproteobacteria,Pseudomonadales,Pseudomonadaceae,Pseudomonas,uncultured Pseudomonas sp.
0.0,0.0,0.0,0.0,0.0,0.0,0.0,0.0,0.0,13.06,Bacteria,unk_k,Proteobacteria,Gammaproteobacteria,Xanthomonadales,Xanthomonadaceae,Stenotrophomonas,Stenotrophomonas sp. PRB17
0.36,0.0,0.0,0.0,0.0,0.0,0.0,0.0,0.0,0.0,Bacteria,unk_k,Proteobacteria,Gammaproteobacteria,unk_o,,,
0.0,0.0,0.0,0.0,0.84,0.0,6.55,0.0,0.0,24.18,Bacteria,unk_k,Proteobacteria,Gammaproteobacteria,unk_o,unk_f,unk_g,uncultured Gammaproteobacteria bacterium
0.0,0.0,0.0,0.0,0.0,0.0,19.259999999999998,0.0,0.0,17.05,Bacteria,unk_k,Proteobacteria,unk_c,unk_o,unk_f,unk_g,
0.0,0.0,0.0,0.0,0.0,0.0,0.0,0.0,7.85,0.0,Bacteria,unk_k,Proteobacteria,unk_c,unk_o,unk_f,unk_g,uncultured proteobacterium
0.75,0.0,0.0,0.0,0.0,0.0,0.0,0.0,0.0,0.0,Bacteria,unk_k,Spirochaetes,Spirochaetia,Spirochaetales,Treponemataceae,Treponema,Treponema sp. oral taxon H43
1.5699999999999998,1.2,0.0,0.0,0.0,0.0,0.0,0.0,0.0,0.0,Bacteria,unk_k,Spirochaetes,Spirochaetia,Spirochaetales,Treponemataceae,Treponema,uncultured Treponema sp.
0.0,0.53,0.0,0.0,0.0,0.0,0.0,0.0,0.0,0.0,Bacteria,unk_k,Synergistetes,unk_c,unk_o,unk_f,unk_g,Synergistetes bacterium oral taxon 361
0.56,0.0,0.0,0.0,0.0,0.0,0.0,0.0,0.0,0.0,Bacteria,unk_k,Tenericutes,Mollicutes,Mycoplasmatales,Mycoplasmataceae,Mycoplasma,uncultured Mycoplasma sp.
0.0,0.0,0.0,0.0,3.13,0.0,0.0,0.0,0.0,2.42,Bacteria,unk_k,unk_p,unk_c,unk_o,unk_f,,
0.0,1.06,0.0,1.36,0.0,0.7,16.54,12.879999999999999,0.0,0.0,Bacteria,unk_k,unk_p,unk_c,unk_o,unk_f,unk_g,
0.0,0.0,0.0,0.0,0.0,0.0,0.0,0.0,14.58,0.0,Bacteria,unk_k,unk_p,unk_c,unk_o,unk_f,unk_g,bacterium A5T_VP8_H11
0.0,0.0,0.0,0.0,0.0,0.0,0.0,0.82,0.0,0.0,Bacteria,unk_k,unk_p,unk_c,unk_o,unk_f,unk_g,bacterium LimA-10-A-351
0.0,0.0,3.49,0.0,0.0,0.0,0.0,0.0,0.0,0.0,Bacteria,unk_k,unk_p,unk_c,unk_o,unk_f,unk_g,bacterium btn 3g-3.6.
0.0,0.0,0.0,0.0,0.0,0.32,1.85,0.0,0.0,0.0,Bacteria,unk_k,unk_p,unk_c,unk_o,unk_f,unk_g,uncultured Gram-positive bacterium
1.41,0.0,0.0,0.0,0.0,0.0,0.0,0.0,0.0,0.0,Eukaryota,Metazoa,Chordata,Mammalia,Primates,Hominidae,Homo,Homo sapiens
0.0,0.47,0.0,0.0,0.0,0.0,0.0,0.0,0.0,0.0,Eukaryota,Metazoa,Chordata,Mammalia,Primates,Hominidae,Homo,
0.0,0.0,0.0,0.0,0.0,0.31,0.0,0.0,0.0,0.0,Eukaryota,Metazoa,Mollusca,Gastropoda,Neogastropoda,Conidae,,
0.0,0.0,0.94,0.0,0.0,0.0,0.0,0.0,0.0,0.65,Eukaryota,Metazoa,Mollusca,Gastropoda,Neogastropoda,,,
0.0,0.0,0.0,0.0,0.0,9.47,0.0,20.07,0.0,0.0,Eukaryota,Viridiplantae,Streptophyta,Magnoliopsida,Poales,Poaceae,Zea,Zea mays
0.0,0.4,0.0,0.0,0.0,0.0,0.0,0.0,0.0,0.0,Eukaryota,Viridiplantae,Streptophyta,Magnoliopsida,Solanales,Solanaceae,Solanum,Solanum lycopersicum
0.0,0.0,0.61,0.0,0.0,0.0,0.0,0.0,0.0,0.0,Eukaryota,Viridiplantae,Streptophyta,Magnoliopsida,Vitales,Vitaceae,Vitis,
16.48,18.49,0.0,0.0,0.0,0.0,0.0,0.0,0.0,0.0,Eukaryota,unk_k,Oomycota,unk_c,Peronosporales,Peronosporaceae,Plasmopara,Plasmopara halstedii
2.67,0.0,0.0,0.0,0.0,0.0,0.0,0.0,0.0,0.0,Viruses,Sangervirae,Phixviricota,Malgrandaviricetes,Petitvirales,Microviridae,Sinsheimervirus,Escherichia virus phiX174
