DRR179681_1.fastq.res,DRR179682_1.fastq.res,ERR4028039.fastq.res,ERR4028235.fastq.res,ERR4028356.fastq.res,ERR6891814_1.fastq.res,ERR6891815_1.fastq.res,ERR6891816_1.fastq.res,ERR6891817_1.fastq.res,ERR6891818_1.fastq.res,Superkingdom,Kingdom,Phylum,Class,Order,Family,Genus,Species
749.01,4689.77,0.0,0.0,0.0,0.0,0.0,0.0,0.0,0.0,Bacteria,unk_k,Actinobacteria,Actinomycetia,Actinomycetales,Actinomycetaceae,Actinomyces,Actinomyces succiniciruminis
0.0,536.76,0.0,0.0,0.0,0.0,0.0,0.0,0.0,0.0,Bacteria,unk_k,Actinobacteria,Actinomycetia,unk_o,unk_f,unk_g,
589.85,0.0,0.0,0.0,0.0,0.0,0.0,0.0,0.0,0.0,Bacteria,unk_k,Actinobacteria,Actinomycetia,unk_o,unk_f,unk_g,uncultured actinobacterium
34.88,186.1,0.0,0.0,0.0,0.0,0.0,0.0,0.0,0.0,Bacteria,unk_k,Cyanobacteria,unk_c,Oscillatoriales,Oscillatoriaceae,Oscillatoria,uncultured Oscillatoria sp.
55.85,3713.12,6985.35,4318.33,6252.83,0.0,0.0,0.0,0.0,0.0,Bacteria,unk_k,Cyanobacteria,unk_c,unk_o,unk_f,unk_g,uncultured cyanobacterium
0.0,0.94,0.0,0.0,0.0,0.0,0.0,0.0,0.0,0.0,Bacteria,unk_k,Firmicutes,Bacilli,Bacillales,Listeriaceae,Listeria,Listeria monocytogenes
3.48,0.0,0.0,0.0,0.0,0.0,0.0,0.0,0.0,0.0,Bacteria,unk_k,Proteobacteria,Alphaproteobacteria,Hyphomicrobiales,Bradyrhizobiaceae,unk_g,uncultured Bradyrhizobiaceae bacterium
2.27,0.0,0.0,0.0,0.0,0.0,0.0,0.0,0.0,0.0,Bacteria,unk_k,Proteobacteria,Alphaproteobacteria,Hyphomicrobiales,Methylobacteriaceae,Methylobacterium,
3.27,0.0,0.0,0.0,0.0,0.0,0.0,0.0,0.0,0.0,Bacteria,unk_k,Proteobacteria,Alphaproteobacteria,Hyphomicrobiales,Methylobacteriaceae,Methylobacterium,uncultured Methylobacterium sp.
0.0,280.48,0.0,0.0,0.0,0.0,0.0,0.0,0.0,0.0,Bacteria,unk_k,Proteobacteria,Alphaproteobacteria,Kordiimonadales,Kordiimonadaceae,Kordiimonas,
101.14,0.0,0.0,0.0,0.0,0.0,0.0,0.0,0.0,0.0,Bacteria,unk_k,Proteobacteria,Alphaproteobacteria,Kordiimonadales,Kordiimonadaceae,Kordiimonas,uncultured Kordiimonas sp.
0.0,2.02,0.0,0.0,0.0,0.0,0.0,0.0,0.0,0.0,Bacteria,unk_k,Proteobacteria,Alphaproteobacteria,Sphingomonadales,Erythrobacteraceae,,
1119.34,16.560000000000002,0.0,0.0,0.0,0.0,2.84,0.0,0.0,0.0,Bacteria,unk_k,Proteobacteria,Gammaproteobacteria,Enterobacterales,Enterobacteriaceae,Escherichia,Escherichia coli
0.42,0.0,0.0,0.0,0.0,0.0,0.0,0.0,0.0,0.0,Bacteria,unk_k,Proteobacteria,Gammaproteobacteria,Pseudomonadales,unk_f,unk_g,uncultured Pseudomonadales bacterium
0.0,4.74,0.0,0.0,0.0,0.0,0.0,0.0,0.0,0.0,Bacteria,unk_k,Proteobacteria,unk_c,unk_o,unk_f,unk_g,
3.83,4.41,0.0,0.0,0.0,0.0,0.0,0.0,0.0,0.0,Bacteria,unk_k,unk_p,unk_c,unk_o,unk_f,unk_g,bacterium
0.0,0.0,0.0,0.0,0.0,4.12,0.0,0.0,0.0,0.0,Eukaryota,Fungi,Ascomycota,Dothideomycetes,Dothideales,Dothioraceae,unk_g,uncultured Aureobasidium
0.0,6.26,0.0,0.0,0.0,0.0,0.0,0.0,0.0,0.0,Eukaryota,Fungi,Ascomycota,Dothideomycetes,Mycosphaerellales,Mycosphaerellaceae,Pseudocercospora,Pseudocercospora cordiana
0.0,3.03,0.0,0.0,0.0,0.0,0.0,0.0,0.0,0.0,Eukaryota,Fungi,Ascomycota,Eurotiomycetes,Coryneliales,Coryneliaceae,Caliciopsis,Caliciopsis pinea
0.0,0.0,0.0,0.0,0.47,0.0,0.0,0.0,0.0,0.0,Eukaryota,Fungi,Ascomycota,Leotiomycetes,Helotiales,Hyaloscyphaceae,Hyaloscypha,Hyaloscypha bicolor
0.0,0.0,0.0,0.0,9.88,0.0,0.0,0.0,0.0,0.0,Eukaryota,Fungi,Ascomycota,Leotiomycetes,Medeolariales,Medeolariaceae,Medeolaria,
6.65,0.0,0.0,0.0,0.0,0.0,0.0,0.0,0.0,0.0,Eukaryota,Fungi,Ascomycota,Saccharomycetes,Saccharomycetales,Debaryomycetaceae,,
0.62,0.0,0.0,0.0,0.0,0.0,0.0,0.0,0.0,0.0,Eukaryota,Fungi,Ascomycota,Saccharomycetes,Saccharomycetales,,,
0.0,0.0,0.0,0.0,2.9799999999999995,0.0,0.0,0.0,0.0,0.0,Eukaryota,Fungi,unk_p,unk_c,unk_o,unk_f,,
0.28,0.0,0.0,0.0,0.0,0.0,0.0,0.0,0.0,0.0,Eukaryota,Fungi,unk_p,unk_c,unk_o,unk_f,unk_g,uncultured fungus
0.0,29.099999999999998,0.0,0.0,0.0,0.0,0.0,0.0,8.63,0.0,Eukaryota,Metazoa,Arthropoda,Arachnida,Trombidiformes,Eriophyidae,,
2.59,0.0,0.0,0.0,0.0,0.0,0.0,0.0,0.0,0.0,Eukaryota,Metazoa,Arthropoda,Insecta,Hemiptera,,,
0.0,1.97,0.0,0.0,0.0,0.0,0.0,0.0,0.0,0.0,Eukaryota,Metazoa,Arthropoda,Insecta,Hymenoptera,Halictidae,,
0.0,2.25,0.0,0.0,0.0,0.0,0.0,0.0,0.0,0.0,Eukaryota,Metazoa,Arthropoda,Insecta,Orthoptera,Gryllidae,Gryllus,Gryllus bimaculatus
6.69,0.0,0.0,0.0,0.0,0.0,0.0,0.0,0.0,0.0,Eukaryota,Metazoa,Arthropoda,Malacostraca,Decapoda,Alvinocarididae,Rimicaris,
0.0,1.27,0.0,0.0,0.0,0.0,0.0,0.0,0.0,0.0,Eukaryota,Metazoa,Arthropoda,Malacostraca,Decapoda,Astacidae,,
0.63,0.0,0.0,0.0,0.0,0.0,0.0,0.0,0.0,0.0,Eukaryota,Metazoa,Arthropoda,Malacostraca,Decapoda,Portunidae,Charybdis,Charybdis japonica
0.0,3.29,0.0,0.0,0.0,0.0,0.0,0.0,0.0,0.0,Eukaryota,Metazoa,Arthropoda,Malacostraca,Decapoda,Portunidae,,
0.0,1.18,0.0,0.0,0.0,0.0,0.0,0.0,0.0,0.0,Eukaryota,Metazoa,Chordata,Actinopteri,Beryciformes,Melamphaidae,,
0.39,0.0,0.0,0.0,0.0,0.0,0.0,0.0,0.0,0.0,Eukaryota,Metazoa,Chordata,Actinopteri,Carangiformes,Carangidae,Trachurus,
5.54,0.0,0.0,0.0,0.0,0.0,0.0,0.0,0.0,0.0,Eukaryota,Metazoa,Chordata,Actinopteri,Carangiformes,,,
0.0,0.86,0.0,0.0,0.0,0.0,0.0,0.0,0.0,0.0,Eukaryota,Metazoa,Chordata,Actinopteri,Clupeiformes,Clupeidae,Clupea,
0.0,8.82,0.0,0.0,0.0,0.0,0.0,0.0,0.0,0.0,Eukaryota,Metazoa,Chordata,Actinopteri,Clupeiformes,Clupeidae,,
1.25,0.0,0.0,0.0,0.0,0.0,0.0,0.0,0.0,0.0,Eukaryota,Metazoa,Chordata,Actinopteri,Clupeiformes,,,
0.0,0.9,0.0,0.0,0.0,0.0,0.0,0.0,0.0,0.0,Eukaryota,Metazoa,Chordata,Actinopteri,Perciformes,Hexagrammidae,,
0.0,0.9,0.0,0.0,0.0,0.0,0.0,0.0,0.0,0.0,Eukaryota,Metazoa,Chordata,Actinopteri,Perciformes,Serranidae,,
0.0,1.95,0.0,0.0,0.0,0.0,0.0,0.0,0.0,0.0,Eukaryota,Metazoa,Chordata,Actinopteri,Syngnathiformes,,,
0.0,1.4,0.0,0.0,0.0,0.0,0.0,0.0,0.0,0.0,Eukaryota,Metazoa,Chordata,Actinopteri,Uranoscopiformes,Ammodytidae,,
0.5,0.0,0.0,0.0,0.0,0.0,0.0,0.0,0.0,0.0,Eukaryota,Metazoa,Chordata,Aves,Apterygiformes,Apterygidae,Apteryx,Apteryx mantelli
0.94,0.0,0.0,0.0,0.0,0.0,0.0,0.0,0.0,0.0,Eukaryota,Metazoa,Chordata,Aves,Apterygiformes,Apterygidae,Apteryx,
1.12,0.0,0.0,0.0,0.0,0.0,0.0,0.0,0.0,0.0,Eukaryota,Metazoa,Chordata,Chondrichthyes,Chimaeriformes,Callorhinchidae,,
0.86,0.0,0.0,0.0,0.0,0.0,0.0,0.0,0.0,0.0,Eukaryota,Metazoa,Chordata,Lepidosauria,Squamata,Viperidae,Agkistrodon,
102.62,4.75,0.0,0.0,0.0,0.0,0.0,0.0,0.0,0.0,Eukaryota,Metazoa,Chordata,Lepidosauria,Squamata,Viperidae,,
0.66,0.0,0.0,0.0,0.0,0.0,0.0,0.0,0.0,0.0,Eukaryota,Metazoa,Chordata,Mammalia,Artiodactyla,,,
5.24,0.0,0.0,0.0,0.0,0.0,0.0,0.0,0.0,0.0,Eukaryota,Metazoa,Chordata,Mammalia,Carnivora,Felidae,,
0.0,3.53,0.0,0.0,0.0,0.0,0.0,0.0,0.0,0.0,Eukaryota,Metazoa,Chordata,Mammalia,Primates,Hominidae,Homo,Homo sapiens
0.0,15.15,0.0,0.0,0.0,0.0,0.0,0.0,0.0,0.0,Eukaryota,Metazoa,Chordata,Mammalia,Rodentia,Cricetidae,Cricetulus,Cricetulus griseus
0.0,1.85,0.0,0.0,0.0,0.0,0.0,0.0,0.0,0.0,Eukaryota,Metazoa,Chordata,Mammalia,Rodentia,Cricetidae,,
12.7,29.25,0.0,0.0,0.0,0.0,0.0,0.0,0.0,0.0,Eukaryota,Metazoa,Chordata,Mammalia,Rodentia,Muridae,Mus,Mus musculus
0.0,1.5,0.0,0.0,0.0,0.0,0.0,0.0,0.0,0.0,Eukaryota,Metazoa,Chordata,Mammalia,Rodentia,Muridae,,
0.37,0.0,0.0,0.0,0.0,0.0,0.0,0.0,0.0,0.0,Eukaryota,Metazoa,Echinodermata,Holothuroidea,Aspidochirotida,Holothuriidae,,
1.07,0.0,0.0,0.0,0.0,0.0,0.0,0.0,0.0,0.0,Eukaryota,Metazoa,Echinodermata,Holothuroidea,Aspidochirotida,Stichopodidae,Apostichopus,Apostichopus japonicus
0.0,5.84,0.0,0.0,0.0,0.0,0.0,0.0,0.0,0.0,Eukaryota,Metazoa,Mollusca,Bivalvia,Pterioida,Pteriidae,,
0.55,1.57,0.0,0.0,0.0,0.0,0.0,0.0,0.0,0.0,Eukaryota,Metazoa,Mollusca,Bivalvia,Unionida,,,
0.0,610.4,0.0,0.0,0.0,0.0,0.0,0.0,0.0,0.0,Eukaryota,Metazoa,Mollusca,Gastropoda,Neogastropoda,Conidae,,
1.75,0.0,0.0,0.0,0.0,0.0,0.0,0.0,0.0,0.0,Eukaryota,Metazoa,Mollusca,Gastropoda,unk_o,Physidae,,
0.0,0.0,1.02,0.0,0.0,0.0,0.0,0.0,0.0,0.0,Eukaryota,Metazoa,Nematoda,Enoplea,Triplonchida,,,
329.68,638.65,0.0,0.0,0.0,0.0,0.0,0.0,0.0,0.0,Eukaryota,Viridiplantae,Chlorophyta,Mamiellophyceae,Mamiellales,unk_f,,
2.73,0.0,0.0,0.0,0.0,0.0,0.0,0.0,0.0,0.0,Eukaryota,Viridiplantae,Chlorophyta,Trebouxiophyceae,unk_o,unk_f,Jaagichlorella,
3.07,0.0,0.0,0.0,0.0,0.0,0.0,0.0,0.0,0.0,Eukaryota,Viridiplantae,Chlorophyta,Trebouxiophyceae,unk_o,unk_f,unk_g,uncultured Trebouxiophyceae
0.0,0.0,0.0,0.0,0.0,1.73,5.18,3.46,0.0,6.91,Eukaryota,Viridiplantae,Streptophyta,Ginkgoopsida,Ginkgoales,Ginkgoaceae,Ginkgo,Ginkgo biloba
0.0,0.0,0.0,13.84,37.16,0.0,0.0,0.0,0.0,0.0,Eukaryota,Viridiplantae,Streptophyta,Lycopodiopsida,Isoetales,Isoetaceae,,
0.0,0.0,0.0,1.02,4.26,0.0,0.0,0.0,0.0,0.0,Eukaryota,Viridiplantae,Streptophyta,Magnoliopsida,Acorales,Acoraceae,,
0.0,7.74,0.0,0.0,0.0,0.0,0.0,0.0,0.0,0.0,Eukaryota,Viridiplantae,Streptophyta,Magnoliopsida,Alismatales,Araceae,,
0.0,10.49,0.0,0.0,0.0,0.0,0.0,0.0,0.0,0.0,Eukaryota,Viridiplantae,Streptophyta,Magnoliopsida,Alismatales,Hydrocharitaceae,Hydrilla,
0.0,111.52,0.0,0.0,0.0,0.0,0.0,0.0,0.0,0.0,Eukaryota,Viridiplantae,Streptophyta,Magnoliopsida,Alismatales,Tofieldiaceae,Pleea,
36.19,0.0,0.0,0.0,0.0,0.0,0.0,0.0,0.0,0.0,Eukaryota,Viridiplantae,Streptophyta,Magnoliopsida,Alismatales,Tofieldiaceae,Pleea,Pleea tenuifolia
94.96,0.0,0.0,0.0,0.0,0.0,0.0,0.0,0.0,0.0,Eukaryota,Viridiplantae,Streptophyta,Magnoliopsida,Alismatales,Tofieldiaceae,Tofieldia,
0.0,216.52,0.0,0.0,0.0,0.0,0.0,0.0,0.0,0.0,Eukaryota,Viridiplantae,Streptophyta,Magnoliopsida,Alismatales,Tofieldiaceae,Tofieldia,Tofieldia pusilla
0.0,8.51,0.0,0.0,0.0,0.0,0.0,0.0,0.0,0.0,Eukaryota,Viridiplantae,Streptophyta,Magnoliopsida,Amborellales,Amborellaceae,Amborella,
0.0,0.0,0.0,0.0,0.0,0.0,0.0,5.15,0.0,0.0,Eukaryota,Viridiplantae,Streptophyta,Magnoliopsida,Apiales,Apiaceae,Apium,
4.93,0.0,0.0,0.0,0.0,0.0,0.0,0.0,0.0,0.0,Eukaryota,Viridiplantae,Streptophyta,Magnoliopsida,Apiales,Apiaceae,Cicuta,Cicuta maculata
0.0,7.38,0.0,0.0,0.0,0.0,0.0,0.0,0.0,0.0,Eukaryota,Viridiplantae,Streptophyta,Magnoliopsida,Apiales,Apiaceae,Cicuta,
101.57,269.33,0.0,0.0,3.97,0.0,0.0,0.0,0.0,0.0,Eukaryota,Viridiplantae,Streptophyta,Magnoliopsida,Apiales,Apiaceae,Daucus,Daucus carota
3.44,30.45,0.0,0.0,0.0,0.0,0.0,0.0,0.0,0.0,Eukaryota,Viridiplantae,Streptophyta,Magnoliopsida,Apiales,Araliaceae,Panax,
0.0,2.99,0.0,0.0,0.0,0.0,0.0,0.0,0.0,0.0,Eukaryota,Viridiplantae,Streptophyta,Magnoliopsida,Asparagales,Amaryllidaceae,Allium,
0.0,0.0,0.0,0.0,0.0,0.0,6.87,0.0,0.0,3.46,Eukaryota,Viridiplantae,Streptophyta,Magnoliopsida,Asparagales,Asparagaceae,Lomandra,Lomandra longifolia
3.57,14.37,0.0,16.88,37.96,0.0,0.0,0.0,0.0,0.0,Eukaryota,Viridiplantae,Streptophyta,Magnoliopsida,Asparagales,,,
0.0,0.0,0.0,0.0,9.66,0.0,0.0,0.0,0.0,0.0,Eukaryota,Viridiplantae,Streptophyta,Magnoliopsida,Asparagales,Orchidaceae,Eulophia,Eulophia andamanensis
0.0,0.0,6.41,2.14,5.26,0.0,0.0,0.0,0.0,0.0,Eukaryota,Viridiplantae,Streptophyta,Magnoliopsida,Asparagales,Orchidaceae,,
4.81,0.0,0.0,0.0,0.0,0.0,0.0,0.0,0.0,0.0,Eukaryota,Viridiplantae,Streptophyta,Magnoliopsida,Asterales,Asteraceae,Gerbera,Gerbera hybrid cultivar
47.42,81.25,0.4,0.0,0.39,0.0,0.0,0.0,0.0,0.0,Eukaryota,Viridiplantae,Streptophyta,Magnoliopsida,Asterales,Asteraceae,Helianthus,Helianthus annuus
22.72,113.7,0.0,0.0,0.0,0.0,0.0,0.0,0.0,0.0,Eukaryota,Viridiplantae,Streptophyta,Magnoliopsida,Asterales,Asteraceae,Helianthus,
0.0,188.02,0.0,0.0,0.0,0.0,0.0,0.0,0.0,0.0,Eukaryota,Viridiplantae,Streptophyta,Magnoliopsida,Asterales,Asteraceae,Lactuca,Lactuca sativa
27.64,78.61,0.0,0.0,0.0,0.0,0.0,0.0,0.0,0.0,Eukaryota,Viridiplantae,Streptophyta,Magnoliopsida,Asterales,Asteraceae,,
7.01,21.28,0.0,0.0,0.0,0.0,0.0,0.0,0.0,0.0,Eukaryota,Viridiplantae,Streptophyta,Magnoliopsida,Asterales,Asteraceae,Tragopogon,Tragopogon dubius
0.0,19.37,0.0,0.0,0.0,0.0,0.0,0.0,0.0,0.0,Eukaryota,Viridiplantae,Streptophyta,Magnoliopsida,Berberidopsidales,Berberidopsidaceae,Berberidopsis,
41.62,0.0,0.0,0.0,0.0,0.0,0.0,0.0,0.0,0.0,Eukaryota,Viridiplantae,Streptophyta,Magnoliopsida,Berberidopsidales,Berberidopsidaceae,,
29.01,143.92,0.0,0.0,0.0,0.0,0.0,0.0,0.0,0.0,Eukaryota,Viridiplantae,Streptophyta,Magnoliopsida,Boraginales,Boraginaceae,Borago,
2.97,0.0,0.0,0.0,0.0,0.0,0.0,0.0,0.0,0.0,Eukaryota,Viridiplantae,Streptophyta,Magnoliopsida,Boraginales,Ehretiaceae,Ehretia,Ehretia acuminata
223.17,43.54,0.0,0.0,0.0,0.0,0.0,0.0,0.0,0.0,Eukaryota,Viridiplantae,Streptophyta,Magnoliopsida,Brassicales,Brassicaceae,Arabidopsis,Arabidopsis thaliana
0.0,363.58,0.0,0.0,0.0,0.0,0.0,0.0,0.0,0.0,Eukaryota,Viridiplantae,Streptophyta,Magnoliopsida,Brassicales,Brassicaceae,Arabidopsis,
0.0,7.22,0.0,0.0,0.0,0.0,0.0,0.0,0.0,0.0,Eukaryota,Viridiplantae,Streptophyta,Magnoliopsida,Brassicales,Brassicaceae,Boechera,
3.93,14.09,0.0,0.0,0.0,0.0,0.0,0.0,0.0,0.0,Eukaryota,Viridiplantae,Streptophyta,Magnoliopsida,Brassicales,Brassicaceae,Brassica,
0.33,0.0,0.0,0.0,0.0,0.0,0.0,0.0,0.0,0.0,Eukaryota,Viridiplantae,Streptophyta,Magnoliopsida,Brassicales,Brassicaceae,Iskandera,
9.1,23.66,0.0,0.0,0.0,0.0,0.0,0.0,0.0,0.0,Eukaryota,Viridiplantae,Streptophyta,Magnoliopsida,Brassicales,Brassicaceae,Lepidium,
49.769999999999996,95.68,7.4399999999999995,4.21,24.92,963.86,4601.94,4033.3,0.0,1210.33,Eukaryota,Viridiplantae,Streptophyta,Magnoliopsida,Brassicales,Brassicaceae,,
0.0,9.95,0.0,0.0,0.0,0.0,0.0,0.0,0.0,0.0,Eukaryota,Viridiplantae,Streptophyta,Magnoliopsida,Brassicales,Capparaceae,Capparis,Capparis acutifolia
8.4,0.0,0.0,0.0,0.0,0.0,0.0,0.0,0.0,0.0,Eukaryota,Viridiplantae,Streptophyta,Magnoliopsida,Brassicales,Caricaceae,Carica,Carica papaya
4.38,19.41,0.0,0.0,0.0,0.0,0.0,0.0,0.0,0.0,Eukaryota,Viridiplantae,Streptophyta,Magnoliopsida,Brassicales,Caricaceae,Carica,
12.969999999999999,19.59,0.0,0.0,0.0,0.0,0.0,0.0,0.0,0.0,Eukaryota,Viridiplantae,Streptophyta,Magnoliopsida,Brassicales,Caricaceae,,
7.08,11.25,0.0,0.0,0.0,0.0,0.0,0.0,0.0,0.0,Eukaryota,Viridiplantae,Streptophyta,Magnoliopsida,Brassicales,Cleomaceae,Cleomella,Cleomella serrulata
16.56,37.36,0.0,0.0,0.0,0.0,0.0,0.0,0.0,0.0,Eukaryota,Viridiplantae,Streptophyta,Magnoliopsida,Brassicales,Cleomaceae,Cleomella,
7.03,0.0,0.0,0.0,0.0,0.0,0.0,0.0,0.0,0.0,Eukaryota,Viridiplantae,Streptophyta,Magnoliopsida,Brassicales,Cleomaceae,,
39.23,122.63,0.0,0.0,0.0,0.0,0.0,0.0,0.0,0.0,Eukaryota,Viridiplantae,Streptophyta,Magnoliopsida,Brassicales,Moringaceae,Moringa,
0.0,20.65,0.0,1.0,6.9,0.0,0.0,0.0,337.36,0.0,Eukaryota,Viridiplantae,Streptophyta,Magnoliopsida,Brassicales,,,
10.65,60.32,0.0,0.0,0.0,0.0,0.0,0.0,0.0,0.0,Eukaryota,Viridiplantae,Streptophyta,Magnoliopsida,Brassicales,Resedaceae,Reseda,Reseda alba
17.06,38.06,0.0,0.0,0.0,0.0,0.0,0.0,0.0,0.0,Eukaryota,Viridiplantae,Streptophyta,Magnoliopsida,Brassicales,Tropaeolaceae,Tropaeolum,Tropaeolum peltophorum
0.49,0.0,0.0,0.0,0.0,0.0,0.0,0.0,0.0,0.0,Eukaryota,Viridiplantae,Streptophyta,Magnoliopsida,Caryophyllales,Amaranthaceae,,
42.28,133.75,0.0,0.0,0.0,0.0,0.0,0.0,0.0,0.0,Eukaryota,Viridiplantae,Streptophyta,Magnoliopsida,Caryophyllales,Cactaceae,,
0.0,13.32,0.0,0.0,0.0,0.0,0.0,0.0,0.0,0.0,Eukaryota,Viridiplantae,Streptophyta,Magnoliopsida,Caryophyllales,Caryophyllaceae,Agrostemma,
6.21,0.0,0.0,0.0,0.0,0.0,0.0,0.0,0.0,0.0,Eukaryota,Viridiplantae,Streptophyta,Magnoliopsida,Caryophyllales,Caryophyllaceae,Silene,
6.06,0.0,0.0,0.0,0.0,0.0,0.0,0.0,0.0,0.0,Eukaryota,Viridiplantae,Streptophyta,Magnoliopsida,Caryophyllales,Caryophyllaceae,Silene,Silene acaulis
77.54,315.86,0.0,0.0,0.0,0.0,0.0,0.0,0.0,0.0,Eukaryota,Viridiplantae,Streptophyta,Magnoliopsida,Caryophyllales,Caryophyllaceae,Silene,Silene latifolia
16.92,64.45,0.0,0.0,0.0,0.0,0.0,0.0,0.0,0.0,Eukaryota,Viridiplantae,Streptophyta,Magnoliopsida,Caryophyllales,Chenopodiaceae,Beta,
0.0,0.0,0.0,1.07,2.19,0.0,0.0,0.0,0.0,0.0,Eukaryota,Viridiplantae,Streptophyta,Magnoliopsida,Caryophyllales,Chenopodiaceae,,
0.0,0.0,0.0,0.0,53.25,0.0,0.0,0.0,0.0,0.0,Eukaryota,Viridiplantae,Streptophyta,Magnoliopsida,Caryophyllales,Dioncophyllaceae,Triphyophyllum,Triphyophyllum peltatum
0.0,0.0,1.41,0.0,2.19,0.0,103.66,118.11,0.0,55.24,Eukaryota,Viridiplantae,Streptophyta,Magnoliopsida,Caryophyllales,,,
0.0,0.0,49.0,0.0,10.95,0.0,0.0,0.0,0.0,0.0,Eukaryota,Viridiplantae,Streptophyta,Magnoliopsida,Caryophyllales,Nepenthaceae,,
0.0,0.0,0.54,0.32,16.34,0.0,0.0,0.0,0.0,0.0,Eukaryota,Viridiplantae,Streptophyta,Magnoliopsida,Caryophyllales,Nepenthaceae,Nepenthes,
0.0,0.0,0.63,0.0,0.0,0.0,0.0,0.0,0.0,0.0,Eukaryota,Viridiplantae,Streptophyta,Magnoliopsida,Caryophyllales,Nepenthaceae,Nepenthes,Nepenthes ampullaria
0.0,0.0,121.08,144.58,381.28,0.0,0.0,0.0,0.0,0.0,Eukaryota,Viridiplantae,Streptophyta,Magnoliopsida,Caryophyllales,Nepenthaceae,Nepenthes,Nepenthes madagascariensis
0.0,0.0,0.0,0.0,44.21,0.0,0.0,0.0,0.0,0.0,Eukaryota,Viridiplantae,Streptophyta,Magnoliopsida,Caryophyllales,Nepenthaceae,Nepenthes,Nepenthes pectinata
4.57,15.0,0.0,0.0,0.0,0.0,0.0,0.0,0.0,0.0,Eukaryota,Viridiplantae,Streptophyta,Magnoliopsida,Celastrales,Celastraceae,Monteverdia,Monteverdia laurina
0.0,0.0,0.0,0.0,146.96,0.0,0.0,0.0,0.0,0.0,Eukaryota,Viridiplantae,Streptophyta,Magnoliopsida,Celastrales,Celastraceae,Pottingeria,
0.0,3.53,0.0,0.0,0.0,0.0,0.0,0.0,0.0,0.0,Eukaryota,Viridiplantae,Streptophyta,Magnoliopsida,Cornales,Hydrangeaceae,Fendlera,Fendlera falcata
12.9,47.71,0.0,0.0,0.0,0.0,0.0,0.0,0.0,0.0,Eukaryota,Viridiplantae,Streptophyta,Magnoliopsida,Cornales,Nyssaceae,Nyssa,
11.13,35.38,0.0,0.0,0.0,0.0,0.0,0.0,0.0,0.0,Eukaryota,Viridiplantae,Streptophyta,Magnoliopsida,Crossosomatales,Crossosomataceae,Crossosoma,Crossosoma bigelovii
0.0,42.31,0.0,0.0,0.0,0.0,0.0,0.0,0.0,0.0,Eukaryota,Viridiplantae,Streptophyta,Magnoliopsida,Crossosomatales,Staphyleaceae,Staphylea,Staphylea colchica
4.09,0.0,0.0,0.0,0.0,0.0,0.0,0.0,0.0,0.0,Eukaryota,Viridiplantae,Streptophyta,Magnoliopsida,Crossosomatales,Staphyleaceae,Staphylea,Staphylea trifolia
0.0,0.0,0.0,0.0,0.0,0.0,8.4,0.0,0.0,0.0,Eukaryota,Viridiplantae,Streptophyta,Magnoliopsida,Cucurbitales,Cucurbitaceae,Cucumis,Cucumis melo
0.0,0.0,89.78,2.01,0.0,0.0,0.0,0.0,0.0,0.0,Eukaryota,Viridiplantae,Streptophyta,Magnoliopsida,Cucurbitales,Cucurbitaceae,Cucumis,Cucumis sativus
0.0,0.0,0.0,0.0,12334.51,0.0,0.0,0.0,0.0,0.0,Eukaryota,Viridiplantae,Streptophyta,Magnoliopsida,Cucurbitales,Cucurbitaceae,Cucumis,
4.54,2.49,0.0,0.0,0.0,0.0,0.0,0.0,0.0,0.0,Eukaryota,Viridiplantae,Streptophyta,Magnoliopsida,Cucurbitales,Cucurbitaceae,Cucurbita,Cucurbita maxima
6.7,9.08,0.0,0.0,0.0,0.0,0.0,0.0,0.0,0.0,Eukaryota,Viridiplantae,Streptophyta,Magnoliopsida,Cucurbitales,Cucurbitaceae,Cucurbita,
13.76,0.0,0.0,0.0,0.0,0.0,0.0,0.0,0.0,0.0,Eukaryota,Viridiplantae,Streptophyta,Magnoliopsida,Cucurbitales,Cucurbitaceae,Momordica,Momordica charantia
0.0,183.65,0.0,0.0,0.0,0.0,0.0,0.0,0.0,0.0,Eukaryota,Viridiplantae,Streptophyta,Magnoliopsida,Cucurbitales,Cucurbitaceae,Momordica,
7.32,20.46,0.0,0.0,16.45,0.0,0.0,12.72,0.0,0.0,Eukaryota,Viridiplantae,Streptophyta,Magnoliopsida,Cucurbitales,Cucurbitaceae,,
0.0,0.0,0.0,0.0,12.98,0.0,0.0,0.0,0.0,0.0,Eukaryota,Viridiplantae,Streptophyta,Magnoliopsida,Cucurbitales,,,
7.11,0.0,0.0,0.0,0.0,0.0,0.0,0.0,0.0,0.0,Eukaryota,Viridiplantae,Streptophyta,Magnoliopsida,Dioscoreales,Dioscoreaceae,Dioscorea,
0.0,87.91000000000001,0.0,0.0,0.0,0.0,0.0,0.0,0.0,0.0,Eukaryota,Viridiplantae,Streptophyta,Magnoliopsida,Dipsacales,Adoxaceae,,
20.33,0.0,0.0,0.0,0.0,0.0,0.0,0.0,0.0,0.0,Eukaryota,Viridiplantae,Streptophyta,Magnoliopsida,Dipsacales,Adoxaceae,Viburnum,
0.0,0.0,0.0,0.66,0.0,0.0,0.0,0.0,0.0,0.0,Eukaryota,Viridiplantae,Streptophyta,Magnoliopsida,Dipsacales,Adoxaceae,Viburnum,Viburnum acerifolium
0.0,14.45,0.0,0.0,0.0,0.0,0.0,0.0,0.0,0.0,Eukaryota,Viridiplantae,Streptophyta,Magnoliopsida,Dipsacales,Adoxaceae,Viburnum,Viburnum dentatum
8.01,0.0,0.0,0.0,0.0,0.0,0.0,0.0,0.0,0.0,Eukaryota,Viridiplantae,Streptophyta,Magnoliopsida,Dipsacales,Caprifoliaceae,Leycesteria,Leycesteria sp. Boufford et al. 44597
5.36,13.99,0.0,0.0,0.0,0.0,0.0,0.0,0.0,0.0,Eukaryota,Viridiplantae,Streptophyta,Magnoliopsida,Dipsacales,Caprifoliaceae,Lonicera,Lonicera sp. Bergthorsson 0301
116.1,295.18,0.0,0.0,0.0,0.0,0.0,0.0,0.0,0.0,Eukaryota,Viridiplantae,Streptophyta,Magnoliopsida,Dipsacales,Caprifoliaceae,,
40.38,113.86,0.0,0.0,0.0,0.0,0.0,0.0,0.0,0.0,Eukaryota,Viridiplantae,Streptophyta,Magnoliopsida,Dipsacales,Caprifoliaceae,Weigela,
0.0,0.0,0.0,0.0,0.0,0.0,0.0,32.23,0.0,17.66,Eukaryota,Viridiplantae,Streptophyta,Magnoliopsida,Ericales,Actinidiaceae,Actinidia,Actinidia eriantha
6.24,0.0,0.0,0.0,0.0,0.0,0.0,0.0,0.0,0.0,Eukaryota,Viridiplantae,Streptophyta,Magnoliopsida,Ericales,Actinidiaceae,,
3.11,11.98,0.0,0.0,2.99,0.0,0.0,0.0,0.0,0.0,Eukaryota,Viridiplantae,Streptophyta,Magnoliopsida,Ericales,Ebenaceae,,
19.77,55.25,0.0,0.0,0.0,0.0,0.0,0.0,0.0,0.0,Eukaryota,Viridiplantae,Streptophyta,Magnoliopsida,Ericales,Ericaceae,Enkianthus,
9.91,126.42,0.0,0.0,0.0,0.0,0.0,0.0,0.0,0.0,Eukaryota,Viridiplantae,Streptophyta,Magnoliopsida,Ericales,Ericaceae,Monotropa,
15.71,0.0,0.0,0.0,0.0,0.0,0.0,0.0,0.0,0.0,Eukaryota,Viridiplantae,Streptophyta,Magnoliopsida,Ericales,Lecythidaceae,Couratari,
5.0,68.55,0.0,0.0,0.0,0.0,0.0,0.0,0.0,0.0,Eukaryota,Viridiplantae,Streptophyta,Magnoliopsida,Ericales,Lecythidaceae,Eschweilera,
0.0,0.0,0.0,0.0,0.0,0.0,0.0,0.0,0.0,3.12,Eukaryota,Viridiplantae,Streptophyta,Magnoliopsida,Ericales,Lecythidaceae,,
20.51,62.86,0.0,0.0,0.0,0.0,0.0,0.0,0.0,0.0,Eukaryota,Viridiplantae,Streptophyta,Magnoliopsida,Ericales,Lecythidaceae,Rhaptopetalum,Rhaptopetalum sp. Kew 886
0.0,2.38,2.52,0.0,0.0,0.0,0.0,0.0,0.0,0.0,Eukaryota,Viridiplantae,Streptophyta,Magnoliopsida,Ericales,,,
0.0,12.56,0.0,0.0,0.0,0.0,0.0,0.0,0.0,0.0,Eukaryota,Viridiplantae,Streptophyta,Magnoliopsida,Ericales,Primulaceae,Androsace,
0.0,0.0,0.0,0.0,6.77,0.0,0.0,0.0,0.0,0.0,Eukaryota,Viridiplantae,Streptophyta,Magnoliopsida,Ericales,Primulaceae,,
40.27,0.0,0.0,0.0,0.0,0.0,0.0,0.0,0.0,0.0,Eukaryota,Viridiplantae,Streptophyta,Magnoliopsida,Ericales,Sapotaceae,Pouteria,Pouteria sapota
0.0,92.63,0.0,0.0,0.0,0.0,0.0,0.0,0.0,0.0,Eukaryota,Viridiplantae,Streptophyta,Magnoliopsida,Ericales,Sarraceniaceae,Sarracenia,
29.11,0.0,0.0,0.0,0.0,0.0,0.0,0.0,0.0,0.0,Eukaryota,Viridiplantae,Streptophyta,Magnoliopsida,Ericales,Sladeniaceae,Sladenia,Sladenia celastrifolia
0.0,0.0,0.0,226.7,0.0,0.0,0.0,0.0,0.0,121.61,Eukaryota,Viridiplantae,Streptophyta,Magnoliopsida,Ericales,Theaceae,Camellia,Camellia sinensis
9.59,10.33,0.0,0.0,1.07,139.66,0.0,201.3,0.0,0.0,Eukaryota,Viridiplantae,Streptophyta,Magnoliopsida,Ericales,Theaceae,Camellia,
0.0,6.36,6.0600000000000005,0.0,10.66,0.0,0.0,0.0,0.0,0.0,Eukaryota,Viridiplantae,Streptophyta,Magnoliopsida,Ericales,Theaceae,,
0.0,0.0,0.0,0.0,0.79,0.0,0.0,0.0,0.0,0.0,Eukaryota,Viridiplantae,Streptophyta,Magnoliopsida,Fabales,Fabaceae,Abrus,
3.07,4.09,0.0,0.0,0.0,0.0,0.0,0.0,0.0,0.0,Eukaryota,Viridiplantae,Streptophyta,Magnoliopsida,Fabales,Fabaceae,Amorpha,Amorpha canescens
4.97,5.57,0.0,0.0,0.0,0.0,0.0,0.0,0.0,0.0,Eukaryota,Viridiplantae,Streptophyta,Magnoliopsida,Fabales,Fabaceae,Anadenanthera,
0.0,0.85,0.0,0.0,0.0,0.0,0.0,0.0,0.0,0.0,Eukaryota,Viridiplantae,Streptophyta,Magnoliopsida,Fabales,Fabaceae,Arachis,Arachis hypogaea
0.0,0.0,0.0,0.0,1.26,0.0,0.0,0.0,0.0,0.0,Eukaryota,Viridiplantae,Streptophyta,Magnoliopsida,Fabales,Fabaceae,Arachis,
0.0,23.84,0.0,0.0,0.0,0.0,0.0,0.0,0.0,0.0,Eukaryota,Viridiplantae,Streptophyta,Magnoliopsida,Fabales,Fabaceae,Chamaecrista,Chamaecrista fasciculata
3.88,10.18,0.0,0.0,0.0,0.0,0.0,0.0,0.0,0.0,Eukaryota,Viridiplantae,Streptophyta,Magnoliopsida,Fabales,Fabaceae,Chamaecrista,
0.0,44.83,0.0,0.0,0.0,0.0,0.0,0.0,0.0,0.0,Eukaryota,Viridiplantae,Streptophyta,Magnoliopsida,Fabales,Fabaceae,Glycine,
5.26,5.82,0.0,0.0,0.0,0.0,0.0,0.0,0.0,0.0,Eukaryota,Viridiplantae,Streptophyta,Magnoliopsida,Fabales,Fabaceae,Heterostemon,Heterostemon otophorus
12.9,36.33,0.0,59.44,76.83,0.0,0.0,0.0,0.0,0.0,Eukaryota,Viridiplantae,Streptophyta,Magnoliopsida,Fabales,Fabaceae,Lotus,Lotus japonicus
22.47,94.93,0.0,0.0,0.0,0.0,0.0,0.0,0.0,0.0,Eukaryota,Viridiplantae,Streptophyta,Magnoliopsida,Fabales,Fabaceae,Lotus,
0.0,7.06,0.0,0.0,0.0,0.0,0.0,0.0,0.0,0.0,Eukaryota,Viridiplantae,Streptophyta,Magnoliopsida,Fabales,Fabaceae,Medicago,Medicago truncatula
16.509999999999998,20.54,0.0,0.0,0.0,0.0,0.0,0.0,0.0,0.0,Eukaryota,Viridiplantae,Streptophyta,Magnoliopsida,Fabales,Fabaceae,Medicago,
204.03,577.3,28.07,1.68,730.58,0.0,0.0,0.0,0.0,0.0,Eukaryota,Viridiplantae,Streptophyta,Magnoliopsida,Fabales,Fabaceae,,
48.760000000000005,99.87,0.0,0.0,0.0,0.0,0.0,0.0,0.0,0.0,Eukaryota,Viridiplantae,Streptophyta,Magnoliopsida,Fabales,Fabaceae,Parapiptadenia,
0.0,0.0,0.0,0.0,0.0,0.0,16.05,18.18,0.0,7.99,Eukaryota,Viridiplantae,Streptophyta,Magnoliopsida,Fabales,Fabaceae,Phaseolus,Phaseolus vulgaris
5.38,9.03,0.0,0.0,0.0,0.0,0.0,0.0,0.0,0.0,Eukaryota,Viridiplantae,Streptophyta,Magnoliopsida,Fabales,Fabaceae,Poeppigia,Poeppigia procera
26.96,99.41,0.0,0.0,0.0,0.0,0.0,0.0,0.0,0.0,Eukaryota,Viridiplantae,Streptophyta,Magnoliopsida,Fabales,Fabaceae,Prosopis,
3.75,0.0,0.0,0.0,0.0,0.0,0.0,0.0,0.0,0.0,Eukaryota,Viridiplantae,Streptophyta,Magnoliopsida,Fabales,Fabaceae,Prosopis,Prosopis alba
10.42,0.0,0.0,0.0,0.0,0.0,0.0,0.0,0.0,0.0,Eukaryota,Viridiplantae,Streptophyta,Magnoliopsida,Fabales,Fabaceae,Sesbania,Sesbania drummondii
0.0,7.47,0.0,0.0,0.0,0.0,0.0,0.0,0.0,0.0,Eukaryota,Viridiplantae,Streptophyta,Magnoliopsida,Fabales,Fabaceae,Vicia,
3.33,0.0,0.0,0.0,0.0,0.0,0.0,0.0,0.0,0.0,Eukaryota,Viridiplantae,Streptophyta,Magnoliopsida,Fabales,Fabaceae,Vicia,Vicia faba
6.9,7.9399999999999995,0.0,0.0,0.0,0.0,0.0,0.0,0.0,0.0,Eukaryota,Viridiplantae,Streptophyta,Magnoliopsida,Fabales,Fabaceae,Vigna,
0.0,0.0,1.54,0.37,26.48,0.0,0.0,0.0,0.0,0.0,Eukaryota,Viridiplantae,Streptophyta,Magnoliopsida,Fabales,Fabaceae,Vigna,Vigna radiata
6.59,18.61,0.0,0.0,0.0,0.0,0.0,0.0,0.0,0.0,Eukaryota,Viridiplantae,Streptophyta,Magnoliopsida,Fabales,Fabaceae,Vigna,Vigna unguiculata
0.0,8.86,3.54,0.0,44.989999999999995,0.0,0.0,0.0,0.0,0.0,Eukaryota,Viridiplantae,Streptophyta,Magnoliopsida,Fabales,,,
0.0,0.0,0.0,0.31,7.8100000000000005,0.0,0.0,0.0,0.0,0.0,Eukaryota,Viridiplantae,Streptophyta,Magnoliopsida,Fabales,unk_f,unk_g,Fabales environmental sample
0.0,63.77,0.0,0.0,0.0,0.0,0.0,0.0,0.0,0.0,Eukaryota,Viridiplantae,Streptophyta,Magnoliopsida,Fagales,Betulaceae,Betula,Betula alleghaniensis
81.84,451.4,0.0,0.0,0.0,0.0,0.0,0.0,0.0,0.0,Eukaryota,Viridiplantae,Streptophyta,Magnoliopsida,Fagales,Betulaceae,Betula,Betula pendula
25.17,0.0,0.0,0.0,0.0,0.0,0.0,0.0,0.0,0.0,Eukaryota,Viridiplantae,Streptophyta,Magnoliopsida,Fagales,Betulaceae,Betula,
3.86,4.26,0.0,0.0,0.0,0.0,0.0,0.0,0.0,0.0,Eukaryota,Viridiplantae,Streptophyta,Magnoliopsida,Fagales,Betulaceae,,
20.04,77.43,0.0,0.0,0.0,0.0,0.0,0.0,0.0,0.0,Eukaryota,Viridiplantae,Streptophyta,Magnoliopsida,Fagales,Fagaceae,Fagus,
76.53999999999999,140.1,0.0,0.0,0.0,0.0,0.0,0.0,0.0,0.0,Eukaryota,Viridiplantae,Streptophyta,Magnoliopsida,Fagales,Fagaceae,,
0.0,7.55,0.0,0.0,0.0,0.0,0.0,0.0,0.0,0.0,Eukaryota,Viridiplantae,Streptophyta,Magnoliopsida,Fagales,Fagaceae,Quercus,Quercus suber
0.0,4.85,0.0,0.0,0.0,0.0,0.0,0.0,0.0,0.0,Eukaryota,Viridiplantae,Streptophyta,Magnoliopsida,Fagales,Juglandaceae,,
7.37,25.56,0.0,0.0,0.0,0.0,0.0,0.0,0.0,0.0,Eukaryota,Viridiplantae,Streptophyta,Magnoliopsida,Fagales,Myricaceae,Myrica,
0.0,6.609999999999999,0.0,0.0,0.0,0.0,0.0,0.0,0.0,0.0,Eukaryota,Viridiplantae,Streptophyta,Magnoliopsida,Fagales,,,
0.0,0.0,0.0,0.0,0.62,0.0,0.0,0.0,0.0,0.0,Eukaryota,Viridiplantae,Streptophyta,Magnoliopsida,Fagales,unk_f,unk_g,
0.0,0.0,0.0,0.0,25.77,0.0,0.0,0.0,0.0,0.0,Eukaryota,Viridiplantae,Streptophyta,Magnoliopsida,Gentianales,Apocynaceae,Alstonia,Alstonia kurzii
5.37,0.0,0.0,0.0,0.0,0.0,0.0,0.0,0.0,0.0,Eukaryota,Viridiplantae,Streptophyta,Magnoliopsida,Gentianales,Gentianaceae,Gentiana,
0.0,27.3,0.0,0.0,0.0,0.0,0.0,0.0,0.0,0.0,Eukaryota,Viridiplantae,Streptophyta,Magnoliopsida,Gentianales,Gentianaceae,,
11.52,32.94,0.0,0.0,0.0,0.0,0.0,0.0,0.0,0.0,Eukaryota,Viridiplantae,Streptophyta,Magnoliopsida,Gentianales,Loganiaceae,Mostuea,
29.67,28.84,0.0,0.0,0.0,0.0,0.0,0.0,0.0,0.0,Eukaryota,Viridiplantae,Streptophyta,Magnoliopsida,Gentianales,Rubiaceae,Amphidasya,
0.0,8.79,0.0,0.0,0.0,0.0,0.0,0.0,0.0,0.0,Eukaryota,Viridiplantae,Streptophyta,Magnoliopsida,Gentianales,Rubiaceae,Anthospermum,
13.37,35.33,0.0,0.0,0.0,0.0,0.0,0.0,0.0,0.0,Eukaryota,Viridiplantae,Streptophyta,Magnoliopsida,Gentianales,Rubiaceae,Cephalanthus,
13.37,28.77,0.0,0.0,0.0,0.0,0.0,0.0,0.0,0.0,Eukaryota,Viridiplantae,Streptophyta,Magnoliopsida,Gentianales,Rubiaceae,Cinchona,
4.98,0.0,0.0,0.0,0.0,0.0,0.0,0.0,0.0,0.0,Eukaryota,Viridiplantae,Streptophyta,Magnoliopsida,Gentianales,Rubiaceae,Cubanola,Cubanola domingensis
0.0,13.21,0.0,0.0,0.0,0.0,0.0,0.0,0.0,0.0,Eukaryota,Viridiplantae,Streptophyta,Magnoliopsida,Gentianales,Rubiaceae,Cubanola,
17.41,58.71,0.0,0.0,0.0,0.0,0.0,0.0,0.0,0.0,Eukaryota,Viridiplantae,Streptophyta,Magnoliopsida,Gentianales,Rubiaceae,Dunnia,
0.0,0.0,0.0,0.0,0.4,0.0,0.0,0.0,0.0,0.0,Eukaryota,Viridiplantae,Streptophyta,Magnoliopsida,Gentianales,Rubiaceae,Galium,
7.82,22.49,0.0,0.0,0.0,0.0,0.0,0.0,0.0,0.0,Eukaryota,Viridiplantae,Streptophyta,Magnoliopsida,Gentianales,Rubiaceae,Guettarda,Guettarda scabra
9.29,29.86,0.0,0.0,0.0,0.0,0.0,0.0,0.0,0.0,Eukaryota,Viridiplantae,Streptophyta,Magnoliopsida,Gentianales,Rubiaceae,Luculia,Luculia grandifolia
0.0,3.54,0.0,0.0,0.0,0.0,0.0,0.0,0.0,0.0,Eukaryota,Viridiplantae,Streptophyta,Magnoliopsida,Gentianales,Rubiaceae,Luculia,
48.14,179.21,0.0,0.0,33.54,0.0,0.0,0.0,0.0,0.0,Eukaryota,Viridiplantae,Streptophyta,Magnoliopsida,Gentianales,Rubiaceae,,
5.51,19.65,0.0,0.0,0.0,0.0,0.0,0.0,0.0,0.0,Eukaryota,Viridiplantae,Streptophyta,Magnoliopsida,Gentianales,Rubiaceae,Psychotria,
86.26,250.75,0.0,0.0,0.0,0.0,0.0,0.0,0.0,0.0,Eukaryota,Viridiplantae,Streptophyta,Magnoliopsida,Geraniales,Francoaceae,Francoa,
56.089999999999996,121.91000000000001,0.0,0.0,0.0,0.0,0.0,0.0,0.0,0.0,Eukaryota,Viridiplantae,Streptophyta,Magnoliopsida,Geraniales,Francoaceae,Melianthus,Melianthus villosus
13.75,0.0,0.0,0.0,0.0,0.0,0.0,0.0,0.0,0.0,Eukaryota,Viridiplantae,Streptophyta,Magnoliopsida,Geraniales,Francoaceae,Melianthus,
51.25,237.47,0.0,0.0,0.0,0.0,0.0,304.38,0.0,221.31,Eukaryota,Viridiplantae,Streptophyta,Magnoliopsida,Geraniales,Francoaceae,,
0.0,0.0,0.0,0.0,0.0,0.0,129.57,0.0,0.0,0.0,Eukaryota,Viridiplantae,Streptophyta,Magnoliopsida,Geraniales,Francoaceae,Viviania,
85.2,222.27,0.0,0.0,0.0,0.0,0.0,0.0,0.0,0.0,Eukaryota,Viridiplantae,Streptophyta,Magnoliopsida,Geraniales,Geraniaceae,Monsonia,
0.0,8.04,0.0,0.0,0.0,0.0,0.0,0.0,0.0,0.0,Eukaryota,Viridiplantae,Streptophyta,Magnoliopsida,Gunnerales,Gunneraceae,Gunnera,Gunnera manicata
13.97,36.23,0.0,0.0,0.0,0.0,0.0,0.0,0.0,0.0,Eukaryota,Viridiplantae,Streptophyta,Magnoliopsida,Huerteales,Dipentodontaceae,Dipentodon,Dipentodon sinicus
5.15,9.0,0.0,0.0,0.0,0.0,0.0,0.0,0.0,0.0,Eukaryota,Viridiplantae,Streptophyta,Magnoliopsida,Huerteales,Tapisciaceae,Tapiscia,
43.44,120.72,0.0,0.0,0.0,0.0,0.0,0.0,0.0,0.0,Eukaryota,Viridiplantae,Streptophyta,Magnoliopsida,Huerteales,Tapisciaceae,Tapiscia,Tapiscia sinensis
98.62,0.0,0.0,0.0,0.0,0.0,0.0,0.0,0.0,0.0,Eukaryota,Viridiplantae,Streptophyta,Magnoliopsida,Icacinales,Icacinaceae,,
0.0,561.17,0.0,0.0,0.0,0.0,0.0,0.0,0.0,0.0,Eukaryota,Viridiplantae,Streptophyta,Magnoliopsida,Icacinales,Icacinaceae,Ryticaryum,
38.32,192.28,0.0,0.0,0.0,0.0,0.0,0.0,0.0,0.0,Eukaryota,Viridiplantae,Streptophyta,Magnoliopsida,Icacinales,Oncothecaceae,Oncotheca,Oncotheca balansae
6.73,13.82,0.0,0.0,0.0,0.0,0.0,0.0,0.0,0.0,Eukaryota,Viridiplantae,Streptophyta,Magnoliopsida,Lamiales,Acanthaceae,Thunbergia,
21.55,0.0,0.0,0.0,0.0,0.0,0.0,0.0,0.0,0.0,Eukaryota,Viridiplantae,Streptophyta,Magnoliopsida,Lamiales,Gesneriaceae,Aeschynanthus,
95.41,217.95,0.0,0.0,0.0,0.0,0.0,0.0,0.0,0.0,Eukaryota,Viridiplantae,Streptophyta,Magnoliopsida,Lamiales,Lamiaceae,Monarda,
6.29,0.0,0.0,0.0,0.0,0.0,0.0,0.0,0.0,0.0,Eukaryota,Viridiplantae,Streptophyta,Magnoliopsida,Lamiales,Lentibulariaceae,Pinguicula,
0.0,0.52,0.0,0.25,0.0,0.0,0.0,0.0,0.0,0.0,Eukaryota,Viridiplantae,Streptophyta,Magnoliopsida,Lamiales,,,
4.08,8.45,0.0,0.0,0.0,0.0,0.0,0.0,0.0,0.0,Eukaryota,Viridiplantae,Streptophyta,Magnoliopsida,Lamiales,Oleaceae,Forsythia,
44.93,153.97,0.0,0.0,0.0,0.0,0.0,0.0,0.0,0.0,Eukaryota,Viridiplantae,Streptophyta,Magnoliopsida,Lamiales,Oleaceae,,
0.0,3.3,0.0,0.0,0.0,0.0,0.0,0.0,0.0,0.0,Eukaryota,Viridiplantae,Streptophyta,Magnoliopsida,Lamiales,Oleaceae,Olea,Olea europaea
0.0,0.35,0.0,0.0,12.45,0.0,0.0,0.0,0.0,0.0,Eukaryota,Viridiplantae,Streptophyta,Magnoliopsida,Lamiales,Pedaliaceae,,
147.14,0.0,0.0,0.0,0.0,0.0,0.0,0.0,0.0,0.0,Eukaryota,Viridiplantae,Streptophyta,Magnoliopsida,Lamiales,Pedaliaceae,Sesamum,
0.0,280.46,0.0,0.0,0.0,0.0,0.0,0.0,0.0,0.0,Eukaryota,Viridiplantae,Streptophyta,Magnoliopsida,Lamiales,Pedaliaceae,Sesamum,Sesamum indicum
1.24,0.0,0.0,0.0,1.5,0.0,0.0,0.0,0.0,0.0,Eukaryota,Viridiplantae,Streptophyta,Magnoliopsida,Lamiales,Plantaginaceae,,
0.0,4.71,0.0,0.0,0.0,0.0,0.0,0.0,0.0,0.0,Eukaryota,Viridiplantae,Streptophyta,Magnoliopsida,Laurales,Calycanthaceae,Calycanthus,
16.83,40.01,0.0,0.0,0.0,0.0,0.0,0.0,0.0,0.0,Eukaryota,Viridiplantae,Streptophyta,Magnoliopsida,Liliales,Liliaceae,Gagea,Gagea spathacea
0.0,3.68,0.0,0.0,0.0,0.0,0.0,0.0,0.0,0.0,Eukaryota,Viridiplantae,Streptophyta,Magnoliopsida,Magnoliales,Annonaceae,Annona,
9.88,16.4,0.0,0.0,0.0,0.0,0.0,0.0,0.0,0.0,Eukaryota,Viridiplantae,Streptophyta,Magnoliopsida,Magnoliales,Magnoliaceae,Liriodendron,Liriodendron tulipifera
9.05,36.28,0.0,0.0,0.0,0.0,0.0,0.0,0.0,0.0,Eukaryota,Viridiplantae,Streptophyta,Magnoliopsida,Magnoliales,Magnoliaceae,Magnolia,Magnolia stellata
4.32,39.489999999999995,0.0,0.0,0.0,0.0,0.0,0.0,0.0,0.0,Eukaryota,Viridiplantae,Streptophyta,Magnoliopsida,Magnoliales,Magnoliaceae,Magnolia,
6.27,21.63,0.0,0.0,0.0,0.0,0.0,0.0,0.0,0.0,Eukaryota,Viridiplantae,Streptophyta,Magnoliopsida,Magnoliales,Magnoliaceae,,
57.05,0.0,0.0,0.0,0.0,0.0,0.0,0.0,0.0,0.0,Eukaryota,Viridiplantae,Streptophyta,Magnoliopsida,Malpighiales,Achariaceae,Hydnocarpus,Hydnocarpus sp. Chase 1301
0.0,105.76,0.0,0.0,0.0,0.0,0.0,0.0,0.0,0.0,Eukaryota,Viridiplantae,Streptophyta,Magnoliopsida,Malpighiales,Achariaceae,Hydnocarpus,
23.06,64.12,0.0,0.0,0.0,0.0,0.0,0.0,0.0,0.0,Eukaryota,Viridiplantae,Streptophyta,Magnoliopsida,Malpighiales,Balanopaceae,Balanops,
244.98,323.73,0.0,0.0,0.0,0.0,0.0,0.0,0.0,0.0,Eukaryota,Viridiplantae,Streptophyta,Magnoliopsida,Malpighiales,Centroplacaceae,Centroplacus,Centroplacus glaucinus
5.53,20.130000000000003,0.0,0.0,0.0,0.0,0.0,0.0,0.0,0.0,Eukaryota,Viridiplantae,Streptophyta,Magnoliopsida,Malpighiales,Chrysobalanaceae,Chrysobalanus,
3.64,0.0,0.0,0.0,0.0,0.0,0.0,0.0,0.0,0.0,Eukaryota,Viridiplantae,Streptophyta,Magnoliopsida,Malpighiales,Chrysobalanaceae,Hirtella,
22.82,117.81,0.0,0.0,0.0,0.0,0.0,0.0,0.0,0.0,Eukaryota,Viridiplantae,Streptophyta,Magnoliopsida,Malpighiales,Chrysobalanaceae,,
0.0,19.95,0.0,0.0,0.0,0.0,0.0,0.0,0.0,0.0,Eukaryota,Viridiplantae,Streptophyta,Magnoliopsida,Malpighiales,Clusiaceae,Clusia,
39.95,100.01,0.0,0.0,0.0,0.0,0.0,0.0,0.0,0.0,Eukaryota,Viridiplantae,Streptophyta,Magnoliopsida,Malpighiales,Euphorbiaceae,Croton,Croton texensis
90.23,173.49,0.0,0.0,0.0,0.0,0.0,0.0,0.0,0.0,Eukaryota,Viridiplantae,Streptophyta,Magnoliopsida,Malpighiales,Euphorbiaceae,Croton,
5.48,11.61,0.0,0.0,0.0,0.0,0.0,0.0,0.0,0.0,Eukaryota,Viridiplantae,Streptophyta,Magnoliopsida,Malpighiales,Euphorbiaceae,Euphorbia,Euphorbia tibetica
4.21,0.0,0.69,0.0,0.0,0.0,0.0,0.0,0.0,0.0,Eukaryota,Viridiplantae,Streptophyta,Magnoliopsida,Malpighiales,Euphorbiaceae,Hevea,Hevea brasiliensis
94.32,265.21000000000004,0.0,0.0,0.0,0.0,0.0,0.0,0.0,0.0,Eukaryota,Viridiplantae,Streptophyta,Magnoliopsida,Malpighiales,Euphorbiaceae,Hevea,
9.82,0.0,0.0,0.0,0.0,0.0,0.0,0.0,0.0,0.0,Eukaryota,Viridiplantae,Streptophyta,Magnoliopsida,Malpighiales,Euphorbiaceae,Klaineanthus,Klaineanthus gaboniae
0.0,9.01,0.0,0.0,0.0,0.0,0.0,0.0,0.0,0.0,Eukaryota,Viridiplantae,Streptophyta,Magnoliopsida,Malpighiales,Euphorbiaceae,Klaineanthus,
0.0,0.25,0.0,0.0,0.0,0.0,0.0,0.0,0.0,0.0,Eukaryota,Viridiplantae,Streptophyta,Magnoliopsida,Malpighiales,Euphorbiaceae,Manihot,
103.91,153.93,0.0,0.0,0.0,0.0,0.0,0.0,0.0,0.0,Eukaryota,Viridiplantae,Streptophyta,Magnoliopsida,Malpighiales,Euphorbiaceae,Melanolepis,Melanolepis multiglandulosa
51.34,172.47,0.0,0.0,22.490000000000002,17.88,30.69,34.64,60.3,0.0,Eukaryota,Viridiplantae,Streptophyta,Magnoliopsida,Malpighiales,Euphorbiaceae,,
35.82,304.76,0.0,0.0,0.0,0.0,0.0,0.0,0.0,0.0,Eukaryota,Viridiplantae,Streptophyta,Magnoliopsida,Malpighiales,Euphorbiaceae,Ricinus,
58.68,0.0,0.0,0.0,0.0,0.0,8.76,0.0,0.0,0.0,Eukaryota,Viridiplantae,Streptophyta,Magnoliopsida,Malpighiales,Euphorbiaceae,Ricinus,Ricinus communis
0.0,0.0,0.0,0.0,0.0,0.0,0.0,0.0,0.0,4.43,Eukaryota,Viridiplantae,Streptophyta,Magnoliopsida,Malpighiales,Euphorbiaceae,Tragia,Tragia pungens
116.73,204.56,0.0,0.0,0.0,0.0,0.0,0.0,0.0,0.0,Eukaryota,Viridiplantae,Streptophyta,Magnoliopsida,Malpighiales,Euphorbiaceae,unk_g,
28.31,0.0,0.0,0.0,0.0,0.0,0.0,0.0,0.0,0.0,Eukaryota,Viridiplantae,Streptophyta,Magnoliopsida,Malpighiales,Linaceae,Linum,
32.81,72.17999999999999,0.0,0.0,0.0,0.0,0.0,0.0,0.0,0.0,Eukaryota,Viridiplantae,Streptophyta,Magnoliopsida,Malpighiales,,,
5.38,18.81,0.0,0.0,0.0,0.0,0.0,0.0,0.0,0.0,Eukaryota,Viridiplantae,Streptophyta,Magnoliopsida,Malpighiales,Ochnaceae,Elvasia,
6.18,17.38,0.0,0.0,0.0,0.0,0.0,0.0,0.0,0.0,Eukaryota,Viridiplantae,Streptophyta,Magnoliopsida,Malpighiales,Passifloraceae,Adenia,
15.74,44.06,0.0,0.0,0.0,0.0,0.0,0.0,0.0,0.0,Eukaryota,Viridiplantae,Streptophyta,Magnoliopsida,Malpighiales,Passifloraceae,,
0.0,0.0,0.0,0.0,0.0,0.0,0.0,0.0,0.0,1.73,Eukaryota,Viridiplantae,Streptophyta,Magnoliopsida,Malpighiales,Passifloraceae,Passiflora,Passiflora biflora
2.76,0.0,0.0,0.0,0.0,0.0,0.0,0.0,0.0,0.0,Eukaryota,Viridiplantae,Streptophyta,Magnoliopsida,Malpighiales,Phyllanthaceae,Bischofia,Bischofia javanica
0.0,8.44,0.0,0.0,0.0,0.0,0.0,0.0,0.0,0.0,Eukaryota,Viridiplantae,Streptophyta,Magnoliopsida,Malpighiales,Phyllanthaceae,Bischofia,
3.53,6.29,0.0,0.0,0.0,0.0,0.0,0.0,0.0,0.0,Eukaryota,Viridiplantae,Streptophyta,Magnoliopsida,Malpighiales,Phyllanthaceae,Heywoodia,Heywoodia lucens
3.95,31.08,0.0,0.0,0.0,0.0,0.0,0.0,0.0,0.0,Eukaryota,Viridiplantae,Streptophyta,Magnoliopsida,Malpighiales,Phyllanthaceae,,
79.8,176.74,0.0,0.0,0.0,0.0,0.0,0.0,0.0,0.0,Eukaryota,Viridiplantae,Streptophyta,Magnoliopsida,Malpighiales,Picrodendraceae,Dissiliaria,Dissiliaria muelleri
8.82,46.81,0.0,0.0,0.0,0.0,0.0,0.0,0.0,0.0,Eukaryota,Viridiplantae,Streptophyta,Magnoliopsida,Malpighiales,Salicaceae,Homalium,
0.0,46.43,0.0,0.0,166.44,0.0,4.06,0.0,5.04,0.0,Eukaryota,Viridiplantae,Streptophyta,Magnoliopsida,Malpighiales,Salicaceae,,
141.69,190.72,0.0,0.0,0.0,0.0,0.0,0.0,0.0,0.0,Eukaryota,Viridiplantae,Streptophyta,Magnoliopsida,Malpighiales,Salicaceae,Populus,
60.43,151.33,0.0,0.0,0.0,138.86,183.5,303.31,74.24,195.3,Eukaryota,Viridiplantae,Streptophyta,Magnoliopsida,Malpighiales,Salicaceae,Populus,Populus balsamifera
0.0,36.03,0.0,0.0,0.0,0.0,0.0,0.0,0.0,0.0,Eukaryota,Viridiplantae,Streptophyta,Magnoliopsida,Malpighiales,Salicaceae,Populus,Populus tremula x Populus alba
10.61,35.07,0.0,0.0,0.0,0.0,0.0,0.0,0.0,0.0,Eukaryota,Viridiplantae,Streptophyta,Magnoliopsida,Malpighiales,Violaceae,Viola,
0.0,15.02,0.0,0.0,0.0,0.0,0.0,0.0,0.0,0.0,Eukaryota,Viridiplantae,Streptophyta,Magnoliopsida,Malvales,Bixaceae,Amoreuxia,Amoreuxia wrightii
0.0,9.27,0.0,0.0,0.0,0.0,0.0,0.0,0.0,0.0,Eukaryota,Viridiplantae,Streptophyta,Magnoliopsida,Malvales,Cistaceae,Helianthemum,
57.470000000000006,150.79,0.0,0.0,5.28,0.0,0.0,0.0,0.0,0.0,Eukaryota,Viridiplantae,Streptophyta,Magnoliopsida,Malvales,Cistaceae,,
0.0,15.17,0.0,0.0,0.0,0.0,0.0,0.0,0.0,0.0,Eukaryota,Viridiplantae,Streptophyta,Magnoliopsida,Malvales,Cytinaceae,Cytinus,Cytinus ruber
1870.1200000000001,3790.15,0.0,0.0,0.0,0.0,0.0,0.0,0.0,0.0,Eukaryota,Viridiplantae,Streptophyta,Magnoliopsida,Malvales,Dipterocarpaceae,Anisoptera,Anisoptera marginata
6.84,38.01,0.0,0.0,0.0,0.0,0.0,0.0,0.0,0.0,Eukaryota,Viridiplantae,Streptophyta,Magnoliopsida,Malvales,Dipterocarpaceae,Balanocarpus,Balanocarpus heimii
0.0,13.68,0.0,0.0,0.0,0.0,0.0,0.0,0.0,0.0,Eukaryota,Viridiplantae,Streptophyta,Magnoliopsida,Malvales,Dipterocarpaceae,Balanocarpus,
0.0,2.72,0.0,0.0,0.0,0.0,0.0,0.0,0.0,0.0,Eukaryota,Viridiplantae,Streptophyta,Magnoliopsida,Malvales,Dipterocarpaceae,Dipterocarpus,Dipterocarpus tuberculatus
4.31,0.0,0.0,0.0,0.0,0.0,0.0,0.0,0.0,0.0,Eukaryota,Viridiplantae,Streptophyta,Magnoliopsida,Malvales,Dipterocarpaceae,Dryobalanops,
0.0,47.12,0.0,0.0,0.0,0.0,0.0,0.0,0.0,0.0,Eukaryota,Viridiplantae,Streptophyta,Magnoliopsida,Malvales,Dipterocarpaceae,Hopea,Hopea dryobalanoides
109.48,428.93,0.0,0.0,0.0,0.0,0.0,0.0,0.0,0.0,Eukaryota,Viridiplantae,Streptophyta,Magnoliopsida,Malvales,Dipterocarpaceae,Hopea,Hopea hainanensis
0.0,39.28,0.0,0.0,0.0,0.0,0.0,0.0,0.0,0.0,Eukaryota,Viridiplantae,Streptophyta,Magnoliopsida,Malvales,Dipterocarpaceae,Hopea,Hopea nutans
0.0,100.93,0.0,0.0,0.0,0.0,0.0,0.0,0.0,0.0,Eukaryota,Viridiplantae,Streptophyta,Magnoliopsida,Malvales,Dipterocarpaceae,Hopea,Hopea odorata
10.61,18.59,0.0,0.0,0.0,0.0,0.0,0.0,0.0,0.0,Eukaryota,Viridiplantae,Streptophyta,Magnoliopsida,Malvales,Dipterocarpaceae,Hopea,
372.40999999999997,1055.42,0.0,0.0,0.0,0.0,0.0,0.0,0.0,0.0,Eukaryota,Viridiplantae,Streptophyta,Magnoliopsida,Malvales,Dipterocarpaceae,,
23.05,35.16,0.0,0.0,0.0,0.0,0.0,0.0,0.0,0.0,Eukaryota,Viridiplantae,Streptophyta,Magnoliopsida,Malvales,Dipterocarpaceae,Parashorea,
399.23,2183.47,0.0,0.0,0.0,0.0,0.0,0.0,0.0,0.0,Eukaryota,Viridiplantae,Streptophyta,Magnoliopsida,Malvales,Dipterocarpaceae,Parashorea,Parashorea chinensis
25.48,130.7,0.0,0.0,0.0,0.0,0.0,0.0,0.0,0.0,Eukaryota,Viridiplantae,Streptophyta,Magnoliopsida,Malvales,Dipterocarpaceae,Parashorea,Parashorea macrophylla
143.19,441.29,0.0,0.0,0.0,0.0,0.0,0.0,0.0,0.0,Eukaryota,Viridiplantae,Streptophyta,Magnoliopsida,Malvales,Dipterocarpaceae,Shorea,
0.0,34.14,0.0,0.0,0.0,0.0,0.0,0.0,0.0,0.0,Eukaryota,Viridiplantae,Streptophyta,Magnoliopsida,Malvales,Dipterocarpaceae,Shorea,Shorea acuminata
76.26,402.6,0.0,0.0,0.0,0.0,0.0,0.0,0.0,0.0,Eukaryota,Viridiplantae,Streptophyta,Magnoliopsida,Malvales,Dipterocarpaceae,Shorea,Shorea almon
0.0,140.14,0.0,0.0,0.0,0.0,0.0,0.0,0.0,0.0,Eukaryota,Viridiplantae,Streptophyta,Magnoliopsida,Malvales,Dipterocarpaceae,Shorea,Shorea amplexicaulis
13.51,473.09,0.0,0.0,0.0,0.0,0.0,0.0,0.0,0.0,Eukaryota,Viridiplantae,Streptophyta,Magnoliopsida,Malvales,Dipterocarpaceae,Shorea,Shorea argentifolia
12.17,22.08,0.0,0.0,0.0,0.0,0.0,0.0,0.0,0.0,Eukaryota,Viridiplantae,Streptophyta,Magnoliopsida,Malvales,Dipterocarpaceae,Shorea,Shorea beccariana
538.57,3043.16,0.0,0.0,0.0,0.0,0.0,0.0,0.0,0.0,Eukaryota,Viridiplantae,Streptophyta,Magnoliopsida,Malvales,Dipterocarpaceae,Shorea,Shorea bullata
3.38,0.0,0.0,0.0,0.0,0.0,0.0,0.0,0.0,0.0,Eukaryota,Viridiplantae,Streptophyta,Magnoliopsida,Malvales,Dipterocarpaceae,Shorea,Shorea curtisii
51.28,225.56,0.0,0.0,0.0,0.0,0.0,0.0,0.0,0.0,Eukaryota,Viridiplantae,Streptophyta,Magnoliopsida,Malvales,Dipterocarpaceae,Shorea,Shorea fallax
33.61,235.59,0.0,0.0,0.0,0.0,0.0,0.0,0.0,0.0,Eukaryota,Viridiplantae,Streptophyta,Magnoliopsida,Malvales,Dipterocarpaceae,Shorea,Shorea kunstleri
1745.25,8275.15,0.0,0.0,0.0,0.0,0.0,0.0,0.0,0.0,Eukaryota,Viridiplantae,Streptophyta,Magnoliopsida,Malvales,Dipterocarpaceae,Shorea,Shorea leprosula
0.0,3.56,0.0,0.0,0.0,0.0,0.0,0.0,0.0,0.0,Eukaryota,Viridiplantae,Streptophyta,Magnoliopsida,Malvales,Dipterocarpaceae,Shorea,Shorea maxwelliana
392.33,2008.38,0.0,0.0,0.0,0.0,0.0,0.0,0.0,0.0,Eukaryota,Viridiplantae,Streptophyta,Magnoliopsida,Malvales,Dipterocarpaceae,Shorea,Shorea pachyphylla
5.7,16.14,0.0,0.0,0.0,0.0,0.0,0.0,0.0,0.0,Eukaryota,Viridiplantae,Streptophyta,Magnoliopsida,Malvales,Dipterocarpaceae,Shorea,Shorea parvifolia
1025.74,5467.06,0.0,0.0,0.0,0.0,0.0,0.0,0.0,0.0,Eukaryota,Viridiplantae,Streptophyta,Magnoliopsida,Malvales,Dipterocarpaceae,Shorea,Shorea platyclados
26.35,91.08,0.0,0.0,0.0,0.0,0.0,0.0,0.0,0.0,Eukaryota,Viridiplantae,Streptophyta,Magnoliopsida,Malvales,Dipterocarpaceae,Shorea,Shorea selanica
0.0,182.14999999999998,0.0,0.0,0.0,0.0,0.0,0.0,0.0,0.0,Eukaryota,Viridiplantae,Streptophyta,Magnoliopsida,Malvales,Dipterocarpaceae,Shorea,Shorea siamensis
2.82,0.0,0.0,0.0,0.0,0.0,0.0,0.0,0.0,0.0,Eukaryota,Viridiplantae,Streptophyta,Magnoliopsida,Malvales,Dipterocarpaceae,Shorea,Shorea smithiana
535.45,2776.85,0.0,0.0,0.0,0.0,0.0,0.0,0.0,0.0,Eukaryota,Viridiplantae,Streptophyta,Magnoliopsida,Malvales,Dipterocarpaceae,Shorea,Shorea sp. JH-2017
220.53,500.72,0.0,0.0,0.0,0.0,0.0,0.0,0.0,0.0,Eukaryota,Viridiplantae,Streptophyta,Magnoliopsida,Malvales,Dipterocarpaceae,Shorea,Shorea talura
512.55,2468.69,0.0,0.0,0.0,0.0,0.0,0.0,0.0,0.0,Eukaryota,Viridiplantae,Streptophyta,Magnoliopsida,Malvales,Dipterocarpaceae,Shorea,Shorea virescens
0.0,23.86,0.0,0.0,0.0,0.0,0.0,0.0,0.0,0.0,Eukaryota,Viridiplantae,Streptophyta,Magnoliopsida,Malvales,Dipterocarpaceae,Shorea,Shorea zeylanica
0.0,53.97,0.0,0.0,0.0,0.0,0.0,0.0,0.0,0.0,Eukaryota,Viridiplantae,Streptophyta,Magnoliopsida,Malvales,Dipterocarpaceae,Vatica,
0.0,2.59,0.0,0.0,0.0,0.0,0.0,0.0,0.0,0.0,Eukaryota,Viridiplantae,Streptophyta,Magnoliopsida,Malvales,Dipterocarpaceae,Vatica,Vatica oblongifolia
60.18,146.02,0.0,0.0,0.0,0.0,0.0,0.0,0.0,0.0,Eukaryota,Viridiplantae,Streptophyta,Magnoliopsida,Malvales,Malvaceae,Corchorus,
54.38,104.06,0.0,0.0,0.0,0.0,0.0,0.0,0.0,0.0,Eukaryota,Viridiplantae,Streptophyta,Magnoliopsida,Malvales,Malvaceae,Durio,
1254.09,2330.98,0.0,0.0,0.0,0.0,0.0,0.0,0.0,0.0,Eukaryota,Viridiplantae,Streptophyta,Magnoliopsida,Malvales,Malvaceae,Gossypium,Gossypium arboreum
40.37,80.82,0.0,0.0,0.0,0.0,0.0,0.0,0.0,0.0,Eukaryota,Viridiplantae,Streptophyta,Magnoliopsida,Malvales,Malvaceae,Gossypium,Gossypium herbaceum
15.37,0.0,0.0,0.0,0.0,0.0,3.58,2.39,0.0,5.72,Eukaryota,Viridiplantae,Streptophyta,Magnoliopsida,Malvales,Malvaceae,Gossypium,Gossypium hirsutum
282.82,1006.52,50.83,0.0,0.0,0.0,0.0,0.0,0.0,0.0,Eukaryota,Viridiplantae,Streptophyta,Magnoliopsida,Malvales,Malvaceae,Gossypium,
44.45,52.61,0.0,0.0,0.0,0.0,0.0,0.0,0.0,0.0,Eukaryota,Viridiplantae,Streptophyta,Magnoliopsida,Malvales,Malvaceae,Hibiscus,
858.6,2242.92,0.0,0.0,2.71,0.0,0.0,0.0,0.0,0.0,Eukaryota,Viridiplantae,Streptophyta,Magnoliopsida,Malvales,Malvaceae,,
82.13,149.44,0.0,0.0,0.0,0.0,0.0,0.0,0.0,0.0,Eukaryota,Viridiplantae,Streptophyta,Magnoliopsida,Malvales,Malvaceae,Ochroma,
36.76,86.79,0.0,0.0,0.0,0.0,0.0,0.0,0.0,0.0,Eukaryota,Viridiplantae,Streptophyta,Magnoliopsida,Malvales,Malvaceae,Sphaeralcea,
95.33000000000001,404.01,0.0,0.0,0.0,0.0,0.0,0.0,0.0,0.0,Eukaryota,Viridiplantae,Streptophyta,Magnoliopsida,Malvales,Malvaceae,Sphaeralcea,Sphaeralcea coccinea
15.43,35.0,0.0,0.0,0.0,0.0,0.0,0.0,0.0,0.0,Eukaryota,Viridiplantae,Streptophyta,Magnoliopsida,Malvales,Malvaceae,Sterculia,Sterculia balanghas
38.4,121.41,0.0,0.0,0.0,0.0,0.0,0.0,0.0,0.0,Eukaryota,Viridiplantae,Streptophyta,Magnoliopsida,Malvales,Malvaceae,Theobroma,
48.74,184.58,0.0,0.0,0.0,0.0,0.0,0.0,0.0,0.0,Eukaryota,Viridiplantae,Streptophyta,Magnoliopsida,Malvales,Malvaceae,Theobroma,Theobroma cacao
3.34,39.74,0.0,0.0,0.0,0.0,0.0,0.0,0.0,0.0,Eukaryota,Viridiplantae,Streptophyta,Magnoliopsida,Malvales,,,
18.3,18.97,0.0,0.0,0.0,0.0,0.0,0.0,0.0,0.0,Eukaryota,Viridiplantae,Streptophyta,Magnoliopsida,Malvales,Sarcolaenaceae,Sarcolaena,
0.0,7.96,0.0,0.0,0.0,0.0,0.0,0.0,0.0,0.0,Eukaryota,Viridiplantae,Streptophyta,Magnoliopsida,Malvales,Thymelaeaceae,Solmsia,
0.0,114.58,0.0,0.0,0.0,0.0,0.0,0.0,0.0,0.0,Eukaryota,Viridiplantae,Streptophyta,Magnoliopsida,Metteniusales,Metteniusaceae,Calatola,Calatola mollis
0.0,0.0,0.0,0.0,0.0,0.0,229.58,0.0,0.0,0.0,Eukaryota,Viridiplantae,Streptophyta,Magnoliopsida,Myrtales,Combretaceae,Combretum,
0.0,0.0,0.0,0.0,0.0,4.83,3.93,0.0,4.83,0.0,Eukaryota,Viridiplantae,Streptophyta,Magnoliopsida,Myrtales,Combretaceae,Lumnitzera,Lumnitzera racemosa
0.0,0.0,0.0,0.0,0.0,1958.95,1483.25,6635.110000000001,0.0,179.23,Eukaryota,Viridiplantae,Streptophyta,Magnoliopsida,Myrtales,Combretaceae,Lumnitzera,
0.0,0.0,0.0,0.0,0.0,83.01,340.79,146.1,620.84,2525.33,Eukaryota,Viridiplantae,Streptophyta,Magnoliopsida,Myrtales,Combretaceae,,
0.0,0.0,0.29,0.0,107.26,0.0,0.0,0.0,0.0,0.0,Eukaryota,Viridiplantae,Streptophyta,Magnoliopsida,Myrtales,Myrtaceae,Eucalyptus,Eucalyptus camaldulensis
0.0,0.0,0.0,6.63,0.0,0.0,0.0,0.0,0.0,0.0,Eukaryota,Viridiplantae,Streptophyta,Magnoliopsida,Myrtales,Myrtaceae,Eucalyptus,
0.0,77.25,0.0,0.0,0.0,0.0,0.0,0.0,0.0,0.0,Eukaryota,Viridiplantae,Streptophyta,Magnoliopsida,Myrtales,Myrtaceae,,
0.0,0.0,0.0,0.0,4.24,0.0,0.0,0.0,0.0,0.0,Eukaryota,Viridiplantae,Streptophyta,Magnoliopsida,Myrtales,,,
12.8,60.709999999999994,0.0,0.0,0.0,0.0,0.0,0.0,0.0,0.0,Eukaryota,Viridiplantae,Streptophyta,Magnoliopsida,Myrtales,Onagraceae,,
37.26,42.010000000000005,0.0,0.0,0.0,0.0,0.0,0.0,0.0,0.0,Eukaryota,Viridiplantae,Streptophyta,Magnoliopsida,Myrtales,Onagraceae,Oenothera,
0.0,33.64,0.0,0.0,0.0,0.0,0.0,0.0,0.0,0.0,Eukaryota,Viridiplantae,Streptophyta,Magnoliopsida,Myrtales,Onagraceae,Oenothera,Oenothera berteroana
0.0,4.43,0.0,0.0,0.0,0.0,0.0,0.0,0.0,0.0,Eukaryota,Viridiplantae,Streptophyta,Magnoliopsida,,,,
15.97,41.2,0.0,0.0,0.0,0.0,0.0,0.0,0.0,0.0,Eukaryota,Viridiplantae,Streptophyta,Magnoliopsida,Oxalidales,Elaeocarpaceae,Crinodendron,Crinodendron hookerianum
32.67,0.0,0.0,0.0,0.0,0.0,0.0,0.0,0.0,0.0,Eukaryota,Viridiplantae,Streptophyta,Magnoliopsida,Oxalidales,Huaceae,Afrostyrax,Afrostyrax sp. Cheek 5007
0.0,61.71,0.0,0.0,0.0,0.0,0.0,0.0,0.0,0.0,Eukaryota,Viridiplantae,Streptophyta,Magnoliopsida,Oxalidales,Huaceae,Afrostyrax,
0.0,3.53,0.0,0.0,0.0,0.0,0.0,0.0,0.0,0.0,Eukaryota,Viridiplantae,Streptophyta,Magnoliopsida,Oxalidales,Oxalidaceae,Averrhoa,Averrhoa carambola
23.08,63.85,0.0,0.0,0.0,0.0,0.0,0.0,0.0,0.0,Eukaryota,Viridiplantae,Streptophyta,Magnoliopsida,Oxalidales,Oxalidaceae,Oxalis,
19.11,54.14,0.0,0.0,0.0,0.0,0.0,0.0,0.0,0.0,Eukaryota,Viridiplantae,Streptophyta,Magnoliopsida,Oxalidales,Oxalidaceae,Oxalis,Oxalis dillenii
7.61,28.14,0.0,0.0,0.0,0.0,0.0,0.0,0.0,0.0,Eukaryota,Viridiplantae,Streptophyta,Magnoliopsida,Piperales,Aristolochiaceae,Saruma,Saruma henryi
0.0,0.0,0.0,0.0,0.49,0.0,0.0,0.0,0.0,0.0,Eukaryota,Viridiplantae,Streptophyta,Magnoliopsida,Poales,Bromeliaceae,,
0.0,0.0,5.34,0.0,0.0,0.0,0.0,0.0,0.0,0.0,Eukaryota,Viridiplantae,Streptophyta,Magnoliopsida,Poales,Eriocaulaceae,,
0.0,0.0,0.0,0.0,69.0,0.0,0.0,0.0,0.0,0.0,Eukaryota,Viridiplantae,Streptophyta,Magnoliopsida,Poales,Juncaceae,Juncus,Juncus ingens
2.62,0.0,0.38,0.0,45.57,0.0,0.0,0.0,0.0,0.0,Eukaryota,Viridiplantae,Streptophyta,Magnoliopsida,Poales,,,
0.0,10.59,0.0,0.0,0.0,0.0,0.0,0.0,0.0,0.0,Eukaryota,Viridiplantae,Streptophyta,Magnoliopsida,Poales,Poaceae,Avena,Avena sativa
0.0,96.96,0.0,0.0,0.0,0.0,0.0,0.0,0.0,0.0,Eukaryota,Viridiplantae,Streptophyta,Magnoliopsida,Poales,Poaceae,Avena,
0.0,3.2,0.0,0.0,0.0,0.0,0.0,0.0,0.0,0.0,Eukaryota,Viridiplantae,Streptophyta,Magnoliopsida,Poales,Poaceae,Hordeum,Hordeum vulgare
7.39,19.94,3.36,0.0,37.64,0.0,0.0,0.0,0.0,0.0,Eukaryota,Viridiplantae,Streptophyta,Magnoliopsida,Poales,Poaceae,,
0.0,0.0,0.0,0.0,4.32,0.0,0.0,0.0,0.0,0.0,Eukaryota,Viridiplantae,Streptophyta,Magnoliopsida,Poales,Poaceae,Phragmites,
0.0,0.0,0.0,0.0,2.14,0.0,0.0,0.0,0.0,0.0,Eukaryota,Viridiplantae,Streptophyta,Magnoliopsida,Poales,Thurniaceae,,
0.0,0.0,4.22,0.0,8.84,0.0,0.0,0.0,0.0,0.0,Eukaryota,Viridiplantae,Streptophyta,Magnoliopsida,Proteales,Nelumbonaceae,,
0.0,0.0,0.0,0.0,0.0,199.15,10212.54,2532.67,1588.25,5933.4,Eukaryota,Viridiplantae,Streptophyta,Magnoliopsida,Proteales,Nelumbonaceae,Nelumbo,Nelumbo nucifera
44.07,0.0,0.0,0.0,0.0,0.0,0.0,0.0,0.0,0.0,Eukaryota,Viridiplantae,Streptophyta,Magnoliopsida,Proteales,Platanaceae,,
10.08,121.01,0.0,0.0,0.0,0.0,0.0,0.0,0.0,0.0,Eukaryota,Viridiplantae,Streptophyta,Magnoliopsida,Proteales,Platanaceae,Platanus,
12.5,145.35,0.0,0.0,0.0,0.0,0.0,0.0,0.0,0.0,Eukaryota,Viridiplantae,Streptophyta,Magnoliopsida,Proteales,Platanaceae,Platanus,Platanus occidentalis
16.08,87.19,0.0,0.0,0.0,0.0,0.0,0.0,0.0,0.0,Eukaryota,Viridiplantae,Streptophyta,Magnoliopsida,Proteales,Proteaceae,Macadamia,Macadamia integrifolia
0.0,4.32,0.0,0.0,0.0,0.0,0.0,0.0,0.0,0.0,Eukaryota,Viridiplantae,Streptophyta,Magnoliopsida,Proteales,Proteaceae,Petrophile,Petrophile canescens
10.05,27.07,0.0,0.0,0.0,0.0,0.0,0.0,0.0,0.0,Eukaryota,Viridiplantae,Streptophyta,Magnoliopsida,Proteales,Sabiaceae,Meliosma,Meliosma squamulata
17.26,45.95,0.0,0.0,0.0,0.0,0.0,0.0,0.0,0.0,Eukaryota,Viridiplantae,Streptophyta,Magnoliopsida,Ranunculales,Berberidaceae,Berberis,
0.0,0.0,0.0,0.0,33.61,0.0,0.0,0.0,0.0,0.0,Eukaryota,Viridiplantae,Streptophyta,Magnoliopsida,Ranunculales,Berberidaceae,,
0.46,0.0,0.0,0.0,0.0,0.0,0.0,0.0,0.0,0.0,Eukaryota,Viridiplantae,Streptophyta,Magnoliopsida,Ranunculales,Berberidaceae,Plagiorhegma,Plagiorhegma dubium
0.0,3.37,0.0,0.0,0.0,0.0,0.0,0.0,0.0,0.0,Eukaryota,Viridiplantae,Streptophyta,Magnoliopsida,Ranunculales,Berberidaceae,Sinopodophyllum,
4.65,0.0,0.0,0.0,0.0,0.0,0.0,0.0,0.0,0.0,Eukaryota,Viridiplantae,Streptophyta,Magnoliopsida,Ranunculales,Menispermaceae,Coscinium,Coscinium fenestratum
26.32,0.0,0.0,0.0,0.0,0.0,0.0,0.0,0.0,0.0,Eukaryota,Viridiplantae,Streptophyta,Magnoliopsida,Ranunculales,Menispermaceae,Parabaena,
0.0,9.53,0.0,0.0,0.0,0.0,0.0,0.0,0.0,0.0,Eukaryota,Viridiplantae,Streptophyta,Magnoliopsida,Ranunculales,Papaveraceae,Eschscholzia,Eschscholzia californica
3.4,0.0,0.0,0.0,0.0,0.0,0.0,0.0,0.0,0.0,Eukaryota,Viridiplantae,Streptophyta,Magnoliopsida,Ranunculales,Papaveraceae,Eschscholzia,
19.14,17.09,0.0,0.0,0.0,0.0,0.0,0.0,0.0,0.0,Eukaryota,Viridiplantae,Streptophyta,Magnoliopsida,Ranunculales,Papaveraceae,,
32.02,67.28,0.0,0.0,0.0,0.0,0.0,0.0,0.0,0.0,Eukaryota,Viridiplantae,Streptophyta,Magnoliopsida,Ranunculales,Ranunculaceae,Callianthemum,Callianthemum taipaicum
80.44,161.42,0.0,0.0,0.0,0.0,0.0,0.0,0.0,0.0,Eukaryota,Viridiplantae,Streptophyta,Magnoliopsida,Rosales,Cannabaceae,Cannabis,Cannabis sativa
31.95,74.94,0.0,0.0,0.0,0.0,0.0,0.0,0.0,0.0,Eukaryota,Viridiplantae,Streptophyta,Magnoliopsida,Rosales,Moraceae,Ficus,
17.27,0.0,0.0,0.0,0.0,0.0,0.0,0.0,0.0,0.0,Eukaryota,Viridiplantae,Streptophyta,Magnoliopsida,Rosales,Moraceae,Morus,
38.3,161.36,0.0,0.0,0.0,0.0,0.0,0.0,0.0,0.0,Eukaryota,Viridiplantae,Streptophyta,Magnoliopsida,Rosales,Moraceae,,
0.0,14.02,3.4,0.0,3.02,0.0,0.0,0.0,0.0,0.0,Eukaryota,Viridiplantae,Streptophyta,Magnoliopsida,Rosales,,,
8.45,33.26,0.0,0.0,0.0,0.0,0.0,0.0,0.0,0.0,Eukaryota,Viridiplantae,Streptophyta,Magnoliopsida,Rosales,Rhamnaceae,Ceanothus,Ceanothus herbaceus
29.08,59.04,0.0,0.0,0.0,0.0,0.0,0.0,0.0,0.0,Eukaryota,Viridiplantae,Streptophyta,Magnoliopsida,Rosales,Rhamnaceae,Ceanothus,
0.0,0.0,0.0,0.0,12.14,0.0,0.0,0.0,0.0,0.0,Eukaryota,Viridiplantae,Streptophyta,Magnoliopsida,Rosales,Rhamnaceae,Hovenia,Hovenia dulcis
22.75,65.59,0.0,0.0,0.0,0.0,0.0,0.0,0.0,0.0,Eukaryota,Viridiplantae,Streptophyta,Magnoliopsida,Rosales,Rhamnaceae,Hovenia,
0.0,6.74,0.0,0.0,0.0,0.0,0.0,0.0,0.0,0.0,Eukaryota,Viridiplantae,Streptophyta,Magnoliopsida,Rosales,Rhamnaceae,,
0.0,3.78,0.0,0.0,0.0,0.0,0.0,0.0,0.0,0.0,Eukaryota,Viridiplantae,Streptophyta,Magnoliopsida,Rosales,Rhamnaceae,Ventilago,
0.0,3.68,0.0,0.0,0.0,0.0,0.0,0.0,0.0,0.0,Eukaryota,Viridiplantae,Streptophyta,Magnoliopsida,Rosales,Rhamnaceae,Ziziphus,
21.73,50.33,0.0,0.0,0.0,0.0,0.0,0.0,0.0,0.0,Eukaryota,Viridiplantae,Streptophyta,Magnoliopsida,Rosales,Rosaceae,Fragaria,
0.0,19.27,0.0,0.0,0.0,0.0,0.0,0.0,0.0,0.0,Eukaryota,Viridiplantae,Streptophyta,Magnoliopsida,Rosales,Rosaceae,Malus,Malus domestica
7.31,0.0,0.0,0.0,0.0,0.0,0.0,0.0,0.0,0.0,Eukaryota,Viridiplantae,Streptophyta,Magnoliopsida,Rosales,Rosaceae,Malus,
156.39000000000001,244.41,0.0,0.0,0.0,0.0,0.0,3.11,0.0,0.0,Eukaryota,Viridiplantae,Streptophyta,Magnoliopsida,Rosales,Rosaceae,,
25.85,31.09,0.0,0.0,0.0,0.0,0.0,0.0,0.0,0.0,Eukaryota,Viridiplantae,Streptophyta,Magnoliopsida,Rosales,Rosaceae,Prunus,
0.0,15.03,0.0,0.0,0.0,0.0,0.0,0.0,0.0,0.0,Eukaryota,Viridiplantae,Streptophyta,Magnoliopsida,Rosales,Rosaceae,Prunus,Prunus avium
4.34,0.0,0.0,0.0,0.0,0.0,0.0,0.0,0.0,0.0,Eukaryota,Viridiplantae,Streptophyta,Magnoliopsida,Rosales,Rosaceae,Prunus,Prunus caroliniana
12.4,0.0,0.0,0.0,0.0,0.0,0.0,0.0,0.0,0.0,Eukaryota,Viridiplantae,Streptophyta,Magnoliopsida,Rosales,Rosaceae,Pyrus,
110.07,192.77,0.0,0.0,0.0,0.0,0.0,0.0,0.0,0.0,Eukaryota,Viridiplantae,Streptophyta,Magnoliopsida,Rosales,Rosaceae,Pyrus,Pyrus x bretschneideri
0.0,43.55,0.0,0.0,0.0,0.0,0.0,0.0,0.0,0.0,Eukaryota,Viridiplantae,Streptophyta,Magnoliopsida,Rosales,Rosaceae,Rosa,
9.79,0.0,0.0,0.0,0.0,0.0,0.0,0.0,0.0,0.0,Eukaryota,Viridiplantae,Streptophyta,Magnoliopsida,Rosales,Urticaceae,Boehmeria,Boehmeria macrophylla
4.14,7.05,0.0,0.0,0.0,0.0,0.0,0.0,0.0,0.0,Eukaryota,Viridiplantae,Streptophyta,Magnoliopsida,Rosales,Urticaceae,,
0.0,18.3,0.0,0.0,0.0,0.0,0.0,0.0,0.0,0.0,Eukaryota,Viridiplantae,Streptophyta,Magnoliopsida,Santalales,Comandraceae,Comandra,
93.39,188.85,0.0,0.0,0.0,0.0,0.0,0.0,0.0,0.0,Eukaryota,Viridiplantae,Streptophyta,Magnoliopsida,Santalales,Coulaceae,Coula,Coula edulis
5.35,12.2,0.0,0.0,0.0,0.0,0.0,0.0,0.0,0.0,Eukaryota,Viridiplantae,Streptophyta,Magnoliopsida,Santalales,Coulaceae,Coula,
0.0,9.39,0.0,0.0,0.0,0.0,0.0,0.0,0.0,0.0,Eukaryota,Viridiplantae,Streptophyta,Magnoliopsida,Santalales,Erythropalaceae,Heisteria,Heisteria ovata
0.0,0.0,0.0,0.0,32.2,0.0,0.0,0.0,0.0,0.0,Eukaryota,Viridiplantae,Streptophyta,Magnoliopsida,Santalales,Loranthaceae,Amylotheca,
0.0,3.89,0.0,0.0,0.0,0.0,0.0,0.0,0.0,0.0,Eukaryota,Viridiplantae,Streptophyta,Magnoliopsida,Sapindales,Anacardiaceae,Mangifera,
34.46,101.21,0.0,0.0,32337.039999999997,0.0,0.0,0.0,0.0,0.0,Eukaryota,Viridiplantae,Streptophyta,Magnoliopsida,Sapindales,Anacardiaceae,,
8.57,22.62,0.0,0.0,0.0,0.0,0.0,0.0,0.0,0.0,Eukaryota,Viridiplantae,Streptophyta,Magnoliopsida,Sapindales,Anacardiaceae,Pistacia,
0.0,0.0,410.93,0.0,0.0,0.0,0.0,0.0,0.0,0.0,Eukaryota,Viridiplantae,Streptophyta,Magnoliopsida,Sapindales,Anacardiaceae,Pistacia,Pistacia vera
0.0,17.38,0.0,0.0,0.0,0.0,0.0,0.0,0.0,0.0,Eukaryota,Viridiplantae,Streptophyta,Magnoliopsida,Sapindales,Meliaceae,Munronia,
4.08,0.0,0.0,0.0,0.0,0.0,0.0,0.0,0.0,0.0,Eukaryota,Viridiplantae,Streptophyta,Magnoliopsida,Sapindales,Meliaceae,,
0.0,15.23,0.0,0.0,0.0,0.0,0.0,0.0,0.0,0.0,Eukaryota,Viridiplantae,Streptophyta,Magnoliopsida,Sapindales,,,
11.11,0.0,0.0,0.0,0.0,0.0,0.0,0.0,0.0,0.0,Eukaryota,Viridiplantae,Streptophyta,Magnoliopsida,Sapindales,Nitrariaceae,Nitraria,
0.0,43.57,0.0,0.0,0.0,0.0,0.0,0.0,0.0,0.0,Eukaryota,Viridiplantae,Streptophyta,Magnoliopsida,Sapindales,Nitrariaceae,Nitraria,Nitraria tangutorum
130.58,287.67,0.0,0.0,0.0,0.0,0.0,0.0,0.0,0.0,Eukaryota,Viridiplantae,Streptophyta,Magnoliopsida,Sapindales,Rutaceae,Citrus,Citrus maxima
17.14,14.57,0.0,0.0,0.0,0.0,0.0,0.0,0.0,0.0,Eukaryota,Viridiplantae,Streptophyta,Magnoliopsida,Sapindales,Rutaceae,Citrus,Citrus sinensis
0.0,2.97,0.0,0.0,0.0,0.0,0.0,0.0,0.0,0.0,Eukaryota,Viridiplantae,Streptophyta,Magnoliopsida,Sapindales,Rutaceae,Citrus,Citrus unshiu
19.84,0.0,0.0,0.0,0.0,0.0,0.0,0.0,0.0,0.0,Eukaryota,Viridiplantae,Streptophyta,Magnoliopsida,Sapindales,Rutaceae,Citrus,
2.22,0.0,0.0,0.0,0.0,0.0,0.0,0.0,0.0,0.0,Eukaryota,Viridiplantae,Streptophyta,Magnoliopsida,Sapindales,Rutaceae,,
0.64,3.74,0.0,0.0,0.0,0.0,0.0,0.0,0.0,0.0,Eukaryota,Viridiplantae,Streptophyta,Magnoliopsida,Sapindales,Sapindaceae,,
5.49,29.21,0.0,0.0,0.0,0.0,0.0,0.0,0.0,0.0,Eukaryota,Viridiplantae,Streptophyta,Magnoliopsida,Saxifragales,Cercidiphyllaceae,Cercidiphyllum,Cercidiphyllum japonicum
0.0,2.29,0.0,0.0,0.0,0.0,0.0,0.0,0.0,0.0,Eukaryota,Viridiplantae,Streptophyta,Magnoliopsida,Saxifragales,Cercidiphyllaceae,,
0.0,272.28,0.0,0.0,0.0,0.0,0.0,0.0,0.0,0.0,Eukaryota,Viridiplantae,Streptophyta,Magnoliopsida,Saxifragales,Cynomoriaceae,Cynomorium,Cynomorium songaricum
51.43,0.0,0.0,0.0,0.0,0.0,0.0,0.0,0.0,0.0,Eukaryota,Viridiplantae,Streptophyta,Magnoliopsida,Saxifragales,Cynomoriaceae,Cynomorium,
23.04,49.32000000000001,0.0,0.0,0.0,0.0,0.0,0.0,0.0,0.0,Eukaryota,Viridiplantae,Streptophyta,Magnoliopsida,Saxifragales,Hamamelidaceae,,
20.95,0.0,0.0,0.0,0.0,0.0,0.0,0.0,0.0,0.0,Eukaryota,Viridiplantae,Streptophyta,Magnoliopsida,Saxifragales,Saxifragaceae,Sullivantia,
3.18,8.09,0.0,0.0,0.0,0.0,0.0,0.0,0.0,0.0,Eukaryota,Viridiplantae,Streptophyta,Magnoliopsida,Solanales,Hydroleaceae,Hydrolea,
0.0,8.77,0.0,2.27,0.0,7.49,7.49,8.42,0.0,16.85,Eukaryota,Viridiplantae,Streptophyta,Magnoliopsida,Solanales,,,
0.0,0.0,0.0,1.38,0.0,0.0,0.0,0.0,0.0,0.0,Eukaryota,Viridiplantae,Streptophyta,Magnoliopsida,Solanales,Solanaceae,Capsicum,
5.9,8.18,0.0,0.0,0.0,0.0,0.0,0.0,0.0,0.0,Eukaryota,Viridiplantae,Streptophyta,Magnoliopsida,Solanales,Solanaceae,Hyoscyamus,Hyoscyamus muticus
27.900000000000002,107.56,0.0,0.0,1.73,0.0,490.08,0.0,0.0,0.0,Eukaryota,Viridiplantae,Streptophyta,Magnoliopsida,Solanales,Solanaceae,,
54.339999999999996,41.21,784.48,337.32,804.2,429.7,0.0,159.71,380.88,90.72,Eukaryota,Viridiplantae,Streptophyta,Magnoliopsida,Solanales,Solanaceae,Nicotiana,
0.0,166.37,0.0,0.0,0.0,0.0,0.0,0.0,0.0,0.0,Eukaryota,Viridiplantae,Streptophyta,Magnoliopsida,Solanales,Solanaceae,Nicotiana,Nicotiana attenuata
75.94,214.76,0.0,0.0,0.0,0.0,0.0,0.0,0.0,0.0,Eukaryota,Viridiplantae,Streptophyta,Magnoliopsida,Solanales,Solanaceae,Nicotiana,Nicotiana plumbaginifolia
0.0,3.42,0.0,0.0,0.0,0.0,0.0,0.0,0.0,0.0,Eukaryota,Viridiplantae,Streptophyta,Magnoliopsida,Solanales,Solanaceae,Nicotiana,Nicotiana sylvestris
17.73,115.30000000000001,0.0,0.0,0.0,0.0,0.0,0.0,0.0,0.0,Eukaryota,Viridiplantae,Streptophyta,Magnoliopsida,Solanales,Solanaceae,Solanum,
16.72,0.0,0.0,0.0,0.0,0.0,0.0,0.0,0.0,0.0,Eukaryota,Viridiplantae,Streptophyta,Magnoliopsida,Solanales,Solanaceae,Solanum,Solanum carolinense
91.11,509.75,0.0,0.0,0.0,0.0,0.0,0.0,0.0,0.0,Eukaryota,Viridiplantae,Streptophyta,Magnoliopsida,Solanales,Solanaceae,Solanum,Solanum tuberosum
22.59,0.0,0.0,0.0,0.0,0.0,0.0,0.0,0.0,0.0,Eukaryota,Viridiplantae,Streptophyta,Magnoliopsida,Vahliales,Vahliaceae,Vahlia,Vahlia capensis
3.09,9.63,0.0,0.0,1.57,0.0,0.0,0.0,0.0,0.0,Eukaryota,Viridiplantae,Streptophyta,Magnoliopsida,Vitales,,,
28.63,21.25,0.0,0.0,0.0,0.0,0.0,0.0,0.0,0.0,Eukaryota,Viridiplantae,Streptophyta,Magnoliopsida,Vitales,Vitaceae,,
3.99,8.17,0.0,0.0,0.83,0.0,0.0,0.0,0.0,0.0,Eukaryota,Viridiplantae,Streptophyta,Magnoliopsida,Vitales,Vitaceae,Vitis,
2.74,0.0,0.0,0.0,0.0,0.0,0.0,0.0,0.0,0.0,Eukaryota,Viridiplantae,Streptophyta,Magnoliopsida,Zingiberales,Musaceae,Musa,
101.96,289.0,0.0,0.0,0.0,0.0,0.0,0.0,0.0,0.0,Eukaryota,Viridiplantae,Streptophyta,Magnoliopsida,Zingiberales,Zingiberaceae,Curcuma,
0.0,0.0,0.0,0.0,0.5,0.0,0.0,0.0,0.0,0.0,Eukaryota,Viridiplantae,Streptophyta,Magnoliopsida,Zingiberales,Zingiberaceae,Hornstedtia,
0.0,65.9,0.0,0.0,0.0,0.0,0.0,0.0,0.0,0.0,Eukaryota,Viridiplantae,Streptophyta,Magnoliopsida,Zygophyllales,Krameriaceae,Krameria,Krameria lanceolata
10.9,0.0,0.0,0.0,0.0,0.0,0.0,0.0,0.0,0.0,Eukaryota,Viridiplantae,Streptophyta,Magnoliopsida,Zygophyllales,Krameriaceae,Krameria,
0.34,0.0,0.44,0.0,0.89,0.0,0.0,0.0,0.0,0.0,Eukaryota,Viridiplantae,Streptophyta,Magnoliopsida,unk_o,unk_f,unk_g,Magnoliophyta environmental sample
0.0,7.26,0.0,0.0,0.0,0.0,0.0,0.0,0.0,0.0,Eukaryota,Viridiplantae,Streptophyta,,,,,
0.0,0.0,1.2,0.0,36.77,0.0,0.0,0.0,0.0,0.0,Eukaryota,Viridiplantae,Streptophyta,Pinopsida,Pinales,Pinaceae,Larix,Larix decidua
2.6,0.0,0.0,0.0,0.0,0.0,0.0,0.0,0.0,0.0,Eukaryota,Viridiplantae,Streptophyta,Pinopsida,Pinales,Pinaceae,,
6.61,0.0,0.0,0.0,0.0,0.0,0.0,0.0,0.0,0.0,Eukaryota,Viridiplantae,Streptophyta,Pinopsida,Pinales,Pinaceae,Pinus,
0.0,18.18,0.0,0.0,0.0,0.0,0.0,0.0,0.0,0.0,Eukaryota,Viridiplantae,Streptophyta,Pinopsida,Pinales,Pinaceae,Pinus,Pinus canariensis
155.97,2170.94,0.0,0.0,0.0,0.0,0.0,0.0,0.0,0.0,Eukaryota,Viridiplantae,Streptophyta,unk_c,unk_o,unk_f,unk_g,embryophyte environmental sample
0.0,0.0,0.0,0.0,0.0,0.0,0.0,16.42,0.0,0.0,Eukaryota,unk_k,Oomycota,,,,,
5.25,0.0,0.0,0.0,0.0,0.0,0.0,0.0,0.0,0.0,Eukaryota,unk_k,Oomycota,unk_c,Albuginales,Albuginaceae,Albugo,Albugo laibachii
0.0,6.05,0.0,0.0,0.0,0.0,0.0,0.0,0.0,0.0,Eukaryota,unk_k,Oomycota,unk_c,Albuginales,Albuginaceae,Albugo,
0.0,0.0,0.0,0.0,0.36,0.0,0.0,0.0,0.0,0.0,Eukaryota,unk_k,Oomycota,unk_c,Albuginales,Albuginaceae,,
0.0,0.0,0.0,0.0,0.0,0.0,0.0,0.0,0.0,3.41,Eukaryota,unk_k,Oomycota,unk_c,Albuginales,,,
